{
  "system_specs": {
    "total_memory_gb": 8.0,
    "available_memory_gb": 0.5299797058105469,
    "cpu_count": 8,
    "cpu_freq_mhz": 2400
  },
  "pandas_results": {
    "fit_time": 65.96349215507507,
    "transform_time": 50.61016011238098,
    "inverse_time": 106.91588306427002,
    "fit_metrics": {
      "cpu_usage": [
        46.5,
        44.9,
        39.4,
        37.8,
        28.9,
        30.8,
        32.3,
        32.4,
        31.1,
        36.7,
        40.5,
        34.6,
        31.5,
        33.4,
        31.0,
        29.6,
        31.6,
        29.4,
        29.8,
        28.7,
        28.2,
        29.9,
        33.7,
        46.9,
        37.8,
        28.3,
        32.3,
        38.4,
        30.6,
        32.8
      ],
      "memory_usage": [
        96.2,
        96.2,
        96.2,
        96.0,
        96.1,
        96.2,
        96.1,
        96.2,
        96.2,
        96.2,
        96.2,
        96.2,
        96.2,
        96.2,
        96.2,
        96.2,
        96.2,
        96.2,
        96.2,
        96.2,
        96.2,
        96.2,
        96.2,
        96.2,
        96.2,
        96.2,
        96.2,
        96.2,
        96.2,
        96.2
      ],
      "disk_io": [
        0,
        0,
        0,
        0,
        0,
        0,
        0,
        0,
        0,
        0,
        0,
        0,
        0,
        0,
        0,
        0,
        0,
        0,
        0,
        0,
        0,
        0,
        0,
        0,
        0,
        0,
        0,
        0,
        0,
        0
      ],
      "timestamps": [
        1.0163300037384033,
        2.0261402130126953,
        3.028907060623169,
        4.039444208145142,
        5.050121307373047,
        6.051604986190796,
        7.062103033065796,
        8.068523168563843,
        9.073395252227783,
        10.084196090698242,
        11.09264612197876,
        12.099283218383789,
        13.109828233718872,
        14.118665218353271,
        15.124490022659302,
        16.12933921813965,
        17.1328341960907,
        18.143352031707764,
        19.153897285461426,
        20.16438913345337,
        21.174928188323975,
        22.185465097427368,
        23.188374042510986,
        24.193665027618408,
        25.204323053359985,
        26.214859008789062,
        27.21852421760559,
        28.22865104675293,
        29.230977058410645,
        30.236212968826294
      ]
    },
    "transform_metrics": {
      "cpu_usage": [
        32.9,
        34.4,
        33.8,
        31.0,
        31.2,
        32.8,
        31.0,
        30.6,
        30.1,
        28.8,
        32.0,
        28.1,
        33.0,
        40.9,
        40.1,
        41.3,
        41.9,
        39.6,
        40.1,
        34.3,
        28.1,
        32.7,
        38.0,
        33.6,
        33.2,
        30.6,
        29.1,
        29.6,
        28.3,
        32.0
      ],
      "memory_usage": [
        94.3,
        94.5,
        94.7,
        94.7,
        94.9,
        95.2,
        95.2,
        95.2,
        95.3,
        95.3,
        95.4,
        95.4,
        95.4,
        95.3,
        95.3,
        95.3,
        95.4,
        95.5,
        95.5,
        95.5,
        95.5,
        95.5,
        95.5,
        95.5,
        95.5,
        95.5,
        95.5,
        95.5,
        95.5,
        95.5
      ],
      "disk_io": [
        0,
        0,
        0,
        0,
        0,
        0,
        0,
        0,
        0,
        0,
        0,
        0,
        0,
        0,
        0,
        0,
        0,
        0,
        0,
        0,
        0,
        0,
        0,
        0,
        0,
        0,
        0,
        0,
        0,
        0
      ],
      "timestamps": [
        1.0140419006347656,
        2.0197510719299316,
        3.0240578651428223,
        4.0297532081604,
        5.040210962295532,
        6.048818111419678,
        7.054533958435059,
        8.063225269317627,
        9.073793172836304,
        10.084319114685059,
        11.09483027458191,
        12.105353116989136,
        13.115849018096924,
        14.126901149749756,
        15.13201117515564,
        16.139389991760254,
        17.14983105659485,
        18.160375118255615,
        19.168612003326416,
        20.179099082946777,
        21.18666410446167,
        22.188822031021118,
        23.1994309425354,
        24.209816932678223,
        25.22028112411499,
        26.221317052841187,
        27.231842041015625,
        28.242359161376953,
        29.252888202667236,
        30.254998207092285
      ]
    },
    "inverse_metrics": {
      "cpu_usage": [
        28.8,
        39.9,
        51.6,
        63.6,
        50.4,
        53.5,
        38.7,
        61.9,
        52.3,
        36.5,
        48.6,
        35.6,
        37.6,
        38.0,
        47.9,
        33.3,
        35.0,
        35.3,
        38.8,
        34.4,
        34.4,
        33.8,
        33.2,
        33.1,
        32.9,
        36.0,
        34.6,
        33.2,
        35.1,
        33.3
      ],
      "memory_usage": [
        94.2,
        94.5,
        94.9,
        95.1,
        95.3,
        95.3,
        95.4,
        96.3,
        96.5,
        96.4,
        96.1,
        95.9,
        96.0,
        96.0,
        95.9,
        95.9,
        95.9,
        95.8,
        95.9,
        95.9,
        95.8,
        95.8,
        95.8,
        95.8,
        95.9,
        95.9,
        95.9,
        95.9,
        96.0,
        96.0
      ],
      "disk_io": [
        0,
        0,
        0,
        0,
        0,
        0,
        0,
        0,
        0,
        0,
        0,
        0,
        0,
        0,
        0,
        0,
        0,
        0,
        0,
        0,
        0,
        0,
        0,
        0,
        0,
        0,
        0,
        0,
        0,
        0
      ],
      "timestamps": [
        1.011077880859375,
        2.016765832901001,
        3.0206620693206787,
        4.025577068328857,
        5.0363991260528564,
        6.045317888259888,
        7.049858093261719,
        8.052709817886353,
        9.063324928283691,
        10.0730140209198,
        11.083297967910767,
        12.091638088226318,
        13.096166849136353,
        14.106567859649658,
        15.107336044311523,
        16.10853600502014,
        17.115339040756226,
        18.12579607963562,
        19.134061098098755,
        20.14437508583069,
        21.150640964508057,
        22.155098915100098,
        23.158495903015137,
        24.15894103050232,
        25.169530868530273,
        26.170756816864014,
        27.181284189224243,
        28.18897294998169,
        29.199702978134155,
        30.210227966308594
      ]
    }
  },
  "spark_results": {
    "fit_time": 192.28147411346436,
    "transform_time": 30.48055100440979,
    "inverse_time": 30.474437952041626,
    "fit_metrics": {
      "cpu_usage": [
        33.2,
        35.8,
        35.9,
        31.2,
        32.5,
        32.2,
        32.7,
        29.7,
        32.0,
        29.5,
        29.1,
        28.4,
        29.1,
        29.1,
        29.9,
        34.7,
        29.1,
        30.3,
        30.6,
        28.3,
        33.7,
        35.0,
        32.4,
        44.0,
        40.1,
        39.7,
        35.1,
        28.7,
        28.8,
        31.2
      ],
      "memory_usage": [
        94.5,
        94.6,
        94.7,
        94.7,
        94.8,
        94.9,
        94.6,
        94.6,
        94.7,
        94.7,
        94.7,
        94.7,
        94.6,
        94.7,
        94.6,
        94.7,
        94.7,
        94.7,
        94.6,
        94.6,
        94.7,
        94.6,
        94.3,
        95.5,
        95.6,
        95.5,
        95.5,
        95.5,
        95.5,
        95.6
      ],