{
  "system_specs": {
    "total_memory_gb": 8.0,
    "available_memory_gb": 0.3281898498535156,
    "cpu_count": 8,
    "cpu_freq_mhz": 2400
  },
  "pandas_results": {
    "fit_time": 102.36118388175964,
    "transform_time": 65.95628118515015,
    "inverse_time": 170.03368186950684,
    "fit_metrics": {
      "cpu_usage": [
        25.3,
        27.5,
        25.0,
        46.3,
        30.9,
        31.7,
        36.4,
        22.0,
        27.8,
        27.2,
        28.0,
        32.7,
        37.7,
        33.0,
        25.2,
        22.2,
        18.4,
        19.3,
        30.1,
        41.7,
        29.6,
        25.5,
        28.0,
        28.9,
        35.1,
        37.4,
        33.2,
        24.2,
        23.8,
        29.7
      ],
      "memory_usage": [
        96.3,
        96.2,
        96.3,
        96.3,
        96.3,
        96.3,
        96.2,
        96.2,
        96.3,
        96.3,
        96.2,
        96.2,
        96.1,
        96.1,
        96.1,
        96.1,
        96.1,
        96.1,
        96.2,
        96.2,
        96.3,
        96.2,
        96.3,
        96.2,
        96.3,
        96.0,
        96.0,
        96.1,
        96.1,
        96.1
      ],
      "disk_io": [
        0,
        0,
        0,
        0,
        0,
        0,
        0,
        0,
        0,
        0,
        0,
        0,
        0,
        0,
        0,
        0,
        0,
        0,
        0,
        0,
        0,
        0,
        0,
        0,
        0,
        0,
        0,
        0,
        0,
        0
      ],
      "timestamps": [
        1.0087859630584717,
        2.017578125,
        3.0204861164093018,
        4.02804708480835,
        5.028995037078857,
        6.033677101135254,
        7.038048028945923,
        8.039679050445557,
        9.04058289527893,
        10.044584035873413,
        11.050053119659424,
        12.055567026138306,
        13.059766054153442,
        14.064254999160767,
        15.069694995880127,
        16.07032799720764,
        17.075921297073364,
        18.081205129623413,
        19.08236813545227,
        20.08368992805481,
        21.08933401107788,
        22.094308137893677,
        23.0997371673584,
        24.10396409034729,
        25.1064670085907,
        26.111898183822632,
        27.117790937423706,
        28.123368978500366,
        29.128572940826416,
        30.129908084869385
      ]
    },
    "transform_metrics": {
      "cpu_usage": [
        28.7,
        26.2,
        20.9,
        21.3,
        23.8,
        19.4,
        57.9,
        60.8,
        35.5,
        22.3,
        21.2,
        20.5,
        31.2,
        23.9,
        28.1,
        33.8,
        24.2,
        18.8,
        17.9,
        23.3,
        19.5,
        44.1,
        19.7,
        30.6,
        24.5,
        23.1,
        20.1,
        19.0,
        23.7,
        26.7
      ],
      "memory_usage": [
        95.2,
        95.3,
        95.3,
        95.3,
        95.4,
        95.3,
        96.1,
        96.2,
        96.2,
        96.2,
        96.1,
        96.0,
        95.9,
        96.0,
        96.1,
        96.2,
        96.1,
        96.1,
        96.1,
        96.1,
        96.1,
        96.0,
        96.0,
        96.2,
        96.2,
        96.2,
        96.2,
        96.2,
        96.2,
        96.2
      ],
      "disk_io": [
        0,
        0,
        0,
        0,
        0,
        0,
        0,
        0,
        0,
        0,
        0,
        0,
        0,
        0,
        0,
        0,
        0,
        0,
        0,
        0,
        0,
        0,
        0,
        0,
        0,
        0,
        0,
        0,
        0,
        0
      ],
      "timestamps": [
        1.0111088752746582,
        2.0132179260253906,
        3.019368886947632,
        4.025101900100708,
        5.029374837875366,
        6.030584812164307,
        7.039790868759155,
        8.041950941085815,
        9.04759693145752,
        10.053080797195435,
        11.058483839035034,
        12.063994884490967,
        13.068278074264526,
        14.073754787445068,
        15.076290130615234,
        16.081795692443848,
        17.084269046783447,
        18.08980393409729,
        19.092922925949097,
        20.09662699699402,
        21.100831031799316,
        22.10668182373047,
        23.112412929534912,
        24.11789894104004,
        25.12349271774292,
        26.1261088848114,
        27.131645917892456,
        28.132202863693237,
        29.13753867149353,
        30.14340567588806
      ]
    },
    "inverse_metrics": {
      "cpu_usage": [
        39.4,
        33.2,
        30.5,
        37.3,
        34.3,
        28.6,
        24.9,
        20.3,
        22.2,
        19.7,
        23.3,
        25.4,
        24.0,
        25.3,
        25.9,
        48.0,
        23.6,
        25.5,
        28.8,
        23.5,
        25.6,
        21.3,
        22.3,
        21.7,
        31.3,
        28.6,
        23.3,
        24.0,
        38.7,
        26.5
      ],
      "memory_usage": [
        94.8,
        94.8,
        94.8,
        94.9,
        95.0,
        95.0,
        95.2,
        95.0,
        95.0,
        95.0,
        95.2,
        95.6,
        95.7,
        95.7,
        95.8,
        95.9,
        96.0,
        96.0,
        95.9,
        95.9,
        95.9,
        96.0,
        96.0,
        96.0,
        95.9,
        96.0,
        96.1,
        96.2,
        96.2,
        96.1
      ],
      "disk_io": [
        0,
        0,
        0,
        0,
        0,
        0,
        0,
        0,
        0,
        0,
        0,
        0,
        0,
        0,
        0,
        0,
        0,
        0,
        0,
        0,
        0,
        0,
        0,
        0,
        0,
        0,
        0,
        0,
        0,
        0
      ],
      "timestamps": [
        1.0091290473937988,
        2.01186203956604,
        3.0170769691467285,
        4.020079135894775,
        5.024832010269165,
        6.026344299316406,
        7.031847238540649,
        8.034298181533813,
        9.039067268371582,
        10.04463529586792,
        11.050188064575195,
        12.05189037322998,
        13.057343006134033,
        14.05840015411377,
        15.063916206359863,
        16.070319175720215,
        17.07590913772583,
        18.081217050552368,
        19.085403203964233,
        20.08732008934021,
        21.092820167541504,
        22.098511219024658,
        23.100966215133667,
        24.10584020614624,
        25.111587047576904,
        26.11687397956848,
        27.12114715576172,
        28.126673221588135,
        29.132241249084473,
        30.13446807861328
      ]
    }
  },
  "spark_results": {
    "fit_time": 365.3190698623657,
    "transform_time": 30.61261296272278,
    "inverse_time": 30.439008712768555,
    "fit_metrics": {
      "cpu_usage": [
        23.4,
        21.1,
        20.7,
        21.7,
        35.7,
        29.1,
        25.8,
        25.0,
        42.7,
        19.2,
        32.3,
        74.8,
        48.4,
        29.3,
        19.3,
        20.5,
        50.5,
        43.3,
        30.4,
        31.0,
        32.9,
        32.0,
        37.5,
        31.4,
        32.1,
        49.9,
        51.1,
        38.0,
        33.1,
        30.8
      ],
      "memory_usage": [
        95.1,
        95.1,
        95.2,
        95.2,
        94.9,
        95.1,
        95.1,
        95.2,
        95.3,
        95.3,
        95.9,
        96.3,
        96.2,
        96.0,
        96.0,
        95.9,
        96.3,
        96.2,
        96.1,
        96.1,
        96.3,
        96.2,
        96.3,
        96.2,
        96.2,
        96.3,
        96.1,
        95.9,
        95.9,
        96.0
      ],