{
  "system_specs": {
    "total_memory_gb": 8.0,
    "available_memory_gb": 0.3121604919433594,
    "cpu_count": 8,
    "cpu_freq_mhz": 2400
  },
  "pandas_results": {
    "fit_time": 92.89888000488281,
    "transform_time": 62.8680157661438,
    "inverse_time": 196.29335713386536,
    "fit_metrics": {
      "cpu_usage": [
        18.9,
        31.7,
        35.3,
        37.9,
        35.5,
        27.6,
        47.9,
        33.6,
        24.2,
        22.4,
        20.2,
        39.4,
        27.8,
        30.7,
        32.0,
        27.7,
        30.7,
        22.4,
        22.3,
        41.3,
        37.5,
        38.6,
        35.0,
        23.4,
        19.3,
        18.4,
        17.3,
        19.5,
        23.4,
        42.8
      ],
      "memory_usage": [
        96.0,
        96.2,
        96.2,
        96.3,
        96.3,
        96.2,
        96.2,
        96.2,
        96.2,
        96.1,
        96.2,
        96.2,
        96.2,
        96.2,
        96.1,
        96.2,
        96.2,
        96.2,
        96.2,
        96.2,
        96.2,
        96.0,
        96.0,
        96.1,
        96.2,
        96.1,
        96.1,
        96.2,
        96.1,
        96.3
      ],
      "disk_io": [
        0,
        0,
        0,
        0,
        0,
        0,
        0,
        0,
        0,
        0,
        0,
        0,
        0,
        0,
        0,
        0,
        0,
        0,
        0,
        0,
        0,
        0,
        0,
        0,
        0,
        0,
        0,
        0,
        0,
        0
      ],
      "timestamps": [
        1.0117690563201904,
        2.0177078247070312,
        3.020714044570923,
        4.021326065063477,
        5.025021076202393,
        6.029928207397461,
        7.0333569049835205,
        8.038887977600098,
        9.044482946395874,
        10.046389818191528,
        11.051904916763306,
        12.052697896957397,
        13.058517932891846,
        14.062216997146606,
        15.064586162567139,
        16.065513134002686,
        17.071462154388428,
        18.075201988220215,
        19.08070206642151,
        20.086182117462158,
        21.088442087173462,
        22.09754514694214,
        23.09998607635498,
        24.1049702167511,
        25.110536098480225,
        26.11343002319336,
        27.118957042694092,
        28.124464988708496,
        29.1298668384552,
        30.135634183883667
      ]
    },
    "transform_metrics": {
      "cpu_usage": [
        30.5,
        21.9,
        26.4,
        30.4,
        22.1,
        24.6,
        23.4,
        31.8,
        48.8,
        50.0,
        48.1,
        30.5,
        37.6,
        46.4,
        33.5,
        24.1,
        18.8,
        23.7,
        45.5,
        30.4,
        24.8,
        21.7,
        23.3,
        23.7,
        23.6,
        36.7,
        37.2,
        23.7,
        23.6,
        34.0
      ],
      "memory_usage": [
        94.9,
        95.2,
        95.4,
        95.1,
        95.2,
        95.2,
        95.2,
        95.8,
        96.1,
        96.1,
        96.1,
        95.9,
        95.8,
        96.4,
        96.0,
        95.9,
        95.9,
        95.9,
        95.7,
        95.7,
        95.6,
        95.6,
        95.6,
        95.6,
        95.7,
        96.2,
        96.2,
        95.9,
        96.2,
        96.3
      ],
      "disk_io": [
        0,
        0,
        0,
        0,
        0,
        0,
        0,
        0,
        0,
        0,
        0,
        0,
        0,
        0,
        0,
        0,
        0,
        0,
        0,
        0,
        0,
        0,
        0,
        0,
        0,
        0,
        0,
        0,
        0,
        0
      ],
      "timestamps": [
        1.0120880603790283,
        2.0175621509552,
        3.0183303356170654,
        4.023759126663208,
        5.029335260391235,
        6.029843091964722,
        7.034241199493408,
        8.0424063205719,
        9.047967195510864,
        10.052210092544556,
        11.056755065917969,
        12.065357208251953,
        13.07610011100769,
        14.080623149871826,
        15.085968255996704,
        16.08876919746399,
        17.09438419342041,
        18.09984803199768,
        19.103269338607788,
        20.103766202926636,
        21.10931420326233,
        22.112017154693604,
        23.117590188980103,
        24.123093128204346,
        25.128742933273315,
        26.1360080242157,
        27.13855004310608,
        28.144147157669067,
        29.149161100387573,
        30.155745029449463
      ]
    },
    "inverse_metrics": {
      "cpu_usage": [
        25.5,
        19.5,
        21.0,
        23.4,
        27.0,
        38.3,
        30.9,
        20.8,
        19.2,
        27.5,
        30.7,
        39.2,
        29.0,
        33.0,
        16.8,
        28.5,
        17.1,
        16.6,
        18.0,
        17.0,
        19.0,
        21.2,
        18.3,
        17.0,
        16.2,
        16.3,
        16.2,
        20.5,
        21.0,
        19.1
      ],
      "memory_usage": [
        94.5,
        94.5,
        94.6,
        94.9,
        94.8,
        95.2,
        95.8,
        95.6,
        95.8,
        95.7,
        95.5,
        95.6,
        95.6,
        95.8,
        95.8,
        95.7,
        95.7,
        95.7,
        95.7,
        95.7,
        95.7,
        95.8,
        95.8,
        95.8,
        95.8,
        95.8,
        95.8,
        95.9,
        95.9,
        95.9
      ],
      "disk_io": [
        0,
        0,
        0,
        0,
        0,
        0,
        0,
        0,
        0,
        0,
        0,
        0,
        0,
        0,
        0,
        0,
        0,
        0,
        0,
        0,
        0,
        0,
        0,
        0,
        0,
        0,
        0,
        0,
        0,
        0
      ],
      "timestamps": [
        1.0074458122253418,
        2.012871026992798,
        3.0183560848236084,
        4.022485017776489,
        5.02318811416626,
        6.029443979263306,
        7.035069942474365,
        8.038443803787231,
        9.044015884399414,
        10.046220779418945,
        11.04894495010376,
        12.051190853118896,
        13.052165985107422,
        14.0575430393219,
        15.063077926635742,
        16.066421031951904,
        17.072022914886475,
        18.074039936065674,
        19.07979702949524,
        20.082705974578857,
        21.088640689849854,
        22.09424376487732,
        23.099803924560547,
        24.10535979270935,
        25.110933780670166,
        26.116487979888916,
        27.12204885482788,
        28.12754988670349,
        29.132184982299805,
        30.137653827667236
      ]
    }
  },
  "spark_results": {
    "fit_time": 747.1815881729126,
    "transform_time": 30.506319999694824,
    "inverse_time": 30.36037302017212,
    "fit_metrics": {
      "cpu_usage": [
        39.3,
        28.5,
        27.8,
        19.6,
        19.4,
        25.0,
        29.3,
        24.2,
        28.1,
        36.8,
        49.4,
        67.7,
        75.7,
        38.4,
        21.5,
        33.5,
        18.7,
        19.5,
        22.5,
        19.3,
        30.6,
        18.4,
        27.6,
        20.5,
        19.4,
        19.9,
        19.2,
        22.3,
        30.6,
        24.8
      ],
      "memory_usage": [
        95.2,
        95.1,
        95.1,
        95.1,
        95.0,
        95.1,
        95.1,
        95.1,
        95.1,
        95.4,
        95.7,
        96.2,
        96.1,
        96.1,
        95.9,
        96.1,
        96.1,
        96.1,
        96.2,
        96.2,
        95.9,
        95.9,
        96.0,
        95.9,
        95.9,
        95.9,
        95.9,
        96.0,
        96.2,
        96.2
      ],