{
  "system_specs": {
    "total_memory_gb": 8.0,
    "available_memory_gb": 0.313140869140625,
    "cpu_count": 8,
    "cpu_freq_mhz": 2400
  },
  "pandas_results": {
    "fit_time": 65.83704710006714,
    "transform_time": 50.761242151260376,
    "inverse_time": 106.77925300598145,
    "fit_metrics": {
      "cpu_usage": [
        32.8,
        32.8,
        38.5,
        43.3,
        35.5,
        28.4,
        28.7,
        29.3,
        29.0,
        30.7,
        29.5,
        29.0,
        29.8,
        30.5,
        37.1,
        36.5,
        35.6,
        34.2,
        32.5,
        31.3,
        29.9,
        28.9,
        31.4,
        32.8,
        35.6,
        34.0,
        33.2,
        32.4,
        31.0,
        31.5
      ],
      "memory_usage": [
        96.3,
        96.2,
        96.3,
        96.3,
        96.2,
        96.2,
        96.2,
        96.2,
        96.2,
        96.2,
        96.2,
        96.2,
        96.2,
        96.2,
        96.2,
        96.2,
        96.2,
        96.1,
        96.2,
        96.2,
        96.2,
        96.2,
        96.2,
        96.2,
        96.2,
        96.2,
        96.1,
        96.2,
        96.2,
        96.2
      ],
      "disk_io": [
        0,
        0,
        0,
        0,
        0,
        0,
        0,
        0,
        0,
        0,
        0,
        0,
        0,
        0,
        0,
        0,
        0,
        0,
        0,
        0,
        0,
        0,
        0,
        0,
        0,
        0,
        0,
        0,
        0,
        0
      ],
      "timestamps": [
        1.0139670372009277,
        2.0224969387054443,
        3.032763719558716,
        4.03923773765564,
        5.049752950668335,
        6.060191869735718,
        7.062206983566284,
        8.07269811630249,
        9.077747821807861,
        10.088085889816284,
        11.097784996032715,
        12.099121809005737,
        13.109611988067627,
        14.111129999160767,
        15.111731767654419,
        16.117074966430664,
        17.127474784851074,
        18.136106967926025,
        19.136799812316895,
        20.144464015960693,
        21.154958963394165,
        22.165431022644043,
        23.175903797149658,
        24.18622088432312,
        25.189006090164185,
        26.199352979660034,
        27.205531120300293,
        28.211344003677368,
        29.221442937850952,
        30.231866121292114
      ]
    },
    "transform_metrics": {
      "cpu_usage": [
        24.8,
        24.2,
        25.3,
        27.9,
        27.9,
        28.8,
        27.7,
        27.4,
        27.5,
        39.9,
        29.2,
        39.0,
        43.6,
        32.6,
        33.9,
        29.4,
        30.2,
        32.4,
        32.7,
        39.0,
        32.1,
        33.5,
        31.7,
        31.8,
        30.7,
        30.7,
        40.7,
        50.3,
        34.9,
        32.5
      ],
      "memory_usage": [
        94.4,
        94.6,
        94.7,
        94.8,
        95.1,
        95.1,
        95.0,
        95.1,
        95.1,
        95.7,
        96.0,
        95.9,
        96.1,
        96.1,
        96.2,
        96.2,
        96.2,
        96.2,
        96.2,
        96.1,
        96.1,
        96.0,
        96.0,
        96.0,
        96.0,
        96.0,
        96.2,
        96.2,
        96.2,
        96.1
      ],
      "disk_io": [
        0,
        0,
        0,
        0,
        0,
        0,
        0,
        0,
        0,
        0,
        0,
        0,
        0,
        0,
        0,
        0,
        0,
        0,
        0,
        0,
        0,
        0,
        0,
        0,
        0,
        0,
        0,
        0,
        0,
        0
      ],
      "timestamps": [
        1.011247158050537,
        2.0205252170562744,
        3.030982255935669,
        4.034897089004517,
        5.038466215133667,
        6.048846244812012,
        7.051285028457642,
        8.06173324584961,
        9.0713632106781,
        10.077511310577393,
        11.08805513381958,
        12.098525285720825,
        13.105782985687256,
        14.116156101226807,
        15.123160123825073,
        16.132586002349854,
        17.13321614265442,
        18.142449140548706,
        19.148949146270752,
        20.152260065078735,
        21.154462099075317,
        22.160664081573486,
        23.16438126564026,
        24.173675060272217,
        25.18431520462036,
        26.19058918952942,
        27.270730018615723,
        28.27434229850769,
        29.284836053848267,
        30.286765098571777
      ]
    },
    "inverse_metrics": {
      "cpu_usage": [
        36.3,
        33.2,
        36.4,
        34.8,
        31.6,
        30.3,
        31.5,
        32.3,
        31.9,
        28.9,
        33.6,
        32.3,
        30.9,
        29.4,
        49.5,
        34.5,
        29.8,
        30.5,
        36.9,
        39.9,
        38.9,
        32.7,
        30.6,
        30.0,
        38.8,
        30.8,
        32.2,
        36.0,
        45.8,
        20.5
      ],
      "memory_usage": [
        94.2,
        94.2,
        94.4,
        94.6,
        94.7,
        94.7,
        94.8,
        94.8,
        94.8,
        94.9,
        94.8,
        94.8,
        94.8,
        94.8,
        94.8,
        94.8,
        94.8,
        94.8,
        94.8,
        95.2,
        95.3,
        95.3,
        95.3,
        95.4,
        95.5,
        95.5,
        95.5,
        95.6,
        95.6,
        95.6
      ],
      "disk_io": [
        0,
        0,
        0,
        0,
        0,
        0,
        0,
        0,
        0,
        0,
        0,
        0,
        0,
        0,
        0,
        0,
        0,
        0,
        0,
        0,
        0,
        0,
        0,
        0,
        0,
        0,
        0,
        0,
        0,
        0
      ],
      "timestamps": [
        1.0109481811523438,
        2.017193078994751,
        3.0262041091918945,
        4.032498121261597,
        5.043015241622925,
        6.053553104400635,
        7.064066171646118,
        8.072086095809937,
        9.075133323669434,
        10.076415061950684,
        11.086977005004883,
        12.09122109413147,
        13.101741075515747,
        14.103734970092773,
        15.106271982192993,
        16.116779088974,
        17.127246141433716,
        18.137775182724,
        19.14150309562683,
        20.152245044708252,
        21.16277503967285,
        22.16652011871338,
        23.17039728164673,
        24.178162097930908,
        25.187782287597656,
        26.194130182266235,
        27.19725203514099,
        28.20279288291931,
        29.213325023651123,
        30.2172532081604
      ]
    }
  },
  "spark_results": {
    "fit_time": 381.7130637168884,
    "transform_time": 30.476378202438354,
    "inverse_time": 30.411272048950195,
    "fit_metrics": {
      "cpu_usage": [
        24.7,
        23.8,
        22.1,
        18.9,
        17.0,
        18.2,
        16.6,
        27.8,
        47.7,
        23.0,
        28.6,
        19.2,
        18.6,
        17.9,
        17.2,
        16.2,
        17.0,
        24.2,
        20.0,
        19.8,
        20.6,
        33.5,
        25.8,
        33.5,
        19.8,
        16.5,
        19.8,
        21.1,
        18.8,
        21.0
      ],
      "memory_usage": [
        94.2,
        94.5,
        94.6,
        94.7,
        94.7,
        94.8,
        94.8,
        95.7,
        96.2,
        96.2,
        96.0,
        96.0,
        96.1,
        96.1,
        96.1,
        96.1,
        96.1,
        96.2,
        96.2,
        95.8,
        96.0,
        96.2,
        96.2,
        96.1,
        96.1,
        96.1,
        96.1,
        96.1,
        96.1,
        96.0
      ],