{
  "system_specs": {
    "total_memory_gb": 8.0,
    "available_memory_gb": 0.721466064453125,
    "cpu_count": 8,
    "cpu_freq_mhz": 2400
  },
  "pandas_results": {
    "fit_time": 66.22259879112244,
    "transform_time": 51.45833683013916,
    "inverse_time": 106.70898222923279,
    "fit_metrics": {
      "cpu_usage": [
        41.9,
        35.6,
        34.7,
        33.9,
        34.1,
        35.7,
        32.8,
        33.5,
        33.5,
        32.4,
        33.1,
        37.3,
        34.5,
        33.4,
        33.0,
        33.2,
        39.6,
        41.4,
        34.1,
        37.2,
        40.5,
        36.6,
        32.7,
        32.8,
        32.9,
        34.8,
        35.1,
        33.1,
        34.9,
        34.1
      ],
      "memory_usage": [
        96.3,
        96.3,
        96.3,
        96.3,
        96.2,
        96.2,
        96.2,
        96.2,
        96.2,
        96.2,
        96.2,
        96.2,
        96.2,
        96.2,
        96.2,
        96.2,
        96.3,
        96.3,
        96.3,
        96.3,
        96.3,
        96.3,
        96.3,
        96.3,
        96.3,
        96.3,
        96.3,
        96.3,
        96.3,
        96.3
      ],
      "disk_io": [
        0,
        0,
        0,
        0,
        0,
        0,
        0,
        0,
        0,
        0,
        0,
        0,
        0,
        0,
        0,
        0,
        0,
        0,
        0,
        0,
        0,
        0,
        0,
        0,
        0,
        0,
        0,
        0,
        0,
        0
      ],
      "timestamps": [
        1.0141360759735107,
        2.02018404006958,
        3.0259530544281006,
        4.036576986312866,
        5.04265022277832,
        6.050299167633057,
        7.060585975646973,
        8.066980123519897,
        9.075937032699585,
        10.086465120315552,
        11.090307235717773,
        12.094533205032349,
        13.100375175476074,
        14.104470014572144,
        15.10844111442566,
        16.113938093185425,
        17.115163326263428,
        18.11722230911255,
        19.125852346420288,
        20.134353160858154,
        21.143911123275757,
        22.14580988883972,
        23.156334161758423,
        24.15933918952942,
        25.1681489944458,
        26.178551197052002,
        27.188685178756714,
        28.199055194854736,
        29.205316066741943,
        30.215742111206055
      ]
    },
    "transform_metrics": {
      "cpu_usage": [
        34.2,
        33.5,
        33.5,
        32.7,
        32.9,
        33.4,
        32.9,
        33.9,
        32.6,
        32.6,
        37.2,
        35.4,
        36.2,
        35.3,
        33.4,
        32.9,
        32.6,
        33.6,
        32.5,
        33.6,
        36.5,
        35.5,
        34.3,
        32.5,
        33.0,
        34.5,
        32.6,
        36.4,
        35.3,
        33.4
      ],
      "memory_usage": [
        94.4,
        94.6,
        94.7,
        94.7,
        94.8,
        94.9,
        95.0,
        95.1,
        95.1,
        95.1,
        95.6,
        95.7,
        95.4,
        95.4,
        95.4,
        95.4,
        95.4,
        95.4,
        95.4,
        95.4,
        95.7,
        96.0,
        96.0,
        96.0,
        95.9,
        96.0,
        96.0,
        96.2,
        96.3,
        96.3
      ],
      "disk_io": [
        0,
        0,
        0,
        0,
        0,
        0,
        0,
        0,
        0,
        0,
        0,
        0,
        0,
        0,
        0,
        0,
        0,
        0,
        0,
        0,
        0,
        0,
        0,
        0,
        0,
        0,
        0,
        0,
        0,
        0
      ],
      "timestamps": [
        1.0110599994659424,
        2.0215678215026855,
        3.0320839881896973,
        4.03664493560791,
        5.044404029846191,
        6.054959058761597,
        7.0612571239471436,
        8.071753025054932,
        9.073498964309692,
        10.08008098602295,
        11.089515924453735,
        12.09788203239441,
        13.108322858810425,
        14.118857145309448,
        15.120139837265015,
        16.130620002746582,
        17.13675093650818,
        18.147316217422485,
        19.15642213821411,
        20.161498069763184,
        21.165759086608887,
        22.176115036010742,
        23.186582803726196,
        24.197092056274414,
        25.203542947769165,
        26.2112979888916,
        27.22211003303528,
        28.232450008392334,
        29.23397994041443,
        30.24433183670044
      ]
    },
    "inverse_metrics": {
      "cpu_usage": [
        33.1,
        32.8,
        36.2,
        37.4,
        34.9,
        44.9,
        42.1,
        45.1,
        35.8,
        33.3,
        34.0,
        32.2,
        32.7,
        32.4,
        47.1,
        45.7,
        36.5,
        32.4,
        32.2,
        46.7,
        34.5,
        33.5,
        33.5,
        32.8,
        33.0,
        32.6,
        32.7,
        33.8,
        35.2,
        33.5
      ],
      "memory_usage": [
        94.4,
        94.5,
        95.3,
        95.3,
        95.0,
        95.1,
        95.1,
        95.4,
        95.3,
        95.4,
        95.3,
        95.4,
        95.4,
        95.4,
        95.4,
        95.7,
        95.9,
        95.9,
        95.9,
        96.3,
        96.3,
        96.3,
        96.2,
        96.2,
        96.2,
        96.2,
        96.3,
        96.3,
        96.3,
        96.3
      ],
      "disk_io": [
        0,
        0,
        0,
        0,
        0,
        0,
        0,
        0,
        0,
        0,
        0,
        0,
        0,
        0,
        0,
        0,
        0,
        0,
        0,
        0,
        0,
        0,
        0,
        0,
        0,
        0,
        0,
        0,
        0,
        0
      ],
      "timestamps": [
        1.0111563205718994,
        2.021602153778076,
        3.031093120574951,
        4.041633129119873,
        5.04544734954834,
        6.054377317428589,
        7.066303968429565,
        8.077487230300903,
        9.086591243743896,
        10.097111225128174,
        11.098056316375732,
        12.108407020568848,
        13.11433219909668,
        14.114975214004517,
        15.119956254959106,
        16.130436182022095,
        17.14101505279541,
        18.151381015777588,
        19.156522274017334,
        20.172161102294922,
        21.17917013168335,
        22.186703205108643,
        23.195670127868652,
        24.197878122329712,
        25.208404302597046,
        26.218924045562744,
        27.229080200195312,
        28.23961329460144,
        29.24079418182373,
        30.24573016166687
      ]
    }
  },
  "spark_results": {
    "fit_time": 214.12052512168884,
    "transform_time": 30.58655595779419,
    "inverse_time": 30.43877410888672,
    "fit_metrics": {
      "cpu_usage": [
        34.9,
        35.5,
        39.6,
        42.9,
        36.5,
        44.4,
        41.3,
        34.3,
        33.0,
        33.3,
        36.0,
        35.2,
        36.3,
        38.6,
        34.4,
        39.9,
        34.3,
        33.3,
        35.6,
        33.4,
        33.5,
        32.7,
        35.4,
        33.9,
        34.2,
        32.9,
        40.9,
        38.5,
        34.4,
        33.5
      ],
      "memory_usage": [
        94.8,
        95.5,
        95.6,
        95.4,
        95.3,
        95.6,
        95.7,
        95.7,
        95.7,
        95.7,
        95.7,
        95.8,
        95.8,
        96.0,
        96.0,
        96.3,
        96.3,
        96.3,
        96.3,
        96.3,
        96.3,
        96.3,
        96.2,
        96.2,
        96.2,
        96.2,
        96.3,
        96.3,
        96.3,
        96.3
      ],