{
  "system_specs": {
    "total_memory_gb": 8.0,
    "available_memory_gb": 0.7113685607910156,
    "cpu_count": 8,
    "cpu_freq_mhz": 2400
  },
  "pandas_results": {
    "fit_time": 67.10741996765137,
    "transform_time": 51.41230607032776,
    "inverse_time": 104.44134616851807,
    "fit_metrics": {
      "cpu_usage": [
        34.9,
        32.9,
        35.7,
        33.2,
        33.1,
        32.7,
        33.2,
        40.8,
        33.4,
        32.5,
        32.8,
        35.2,
        32.9,
        45.2,
        39.1,
        32.6,
        42.7,
        44.2,
        37.9,
        38.0,
        36.4,
        35.2,
        33.7,
        34.5,
        37.7,
        34.9,
        32.6,
        33.0,
        32.9,
        32.3
      ],
      "memory_usage": [
        96.3,
        96.3,
        96.3,
        96.3,
        96.3,
        96.3,
        96.3,
        96.1,
        96.3,
        96.3,
        96.3,
        96.3,
        96.3,
        96.3,
        96.3,
        96.3,
        96.3,
        96.3,
        96.2,
        96.2,
        96.2,
        96.2,
        96.2,
        96.1,
        96.3,
        96.3,
        96.3,
        96.3,
        96.2,
        96.2
      ],
      "disk_io": [
        0,
        0,
        0,
        0,
        0,
        0,
        0,
        0,
        0,
        0,
        0,
        0,
        0,
        0,
        0,
        0,
        0,
        0,
        0,
        0,
        0,
        0,
        0,
        0,
        0,
        0,
        0,
        0,
        0,
        0
      ],
      "timestamps": [
        1.012794017791748,
        2.022918939590454,
        3.0332958698272705,
        4.03472900390625,
        5.036959171295166,
        6.044906139373779,
        7.048415184020996,
        8.057029008865356,
        9.066240072250366,
        10.068769931793213,
        11.079288959503174,
        12.08957815170288,
        13.09995412826538,
        14.106266975402832,
        15.116720914840698,
        16.117487907409668,
        17.122892141342163,
        18.126561164855957,
        19.136918783187866,
        20.13961887359619,
        21.150113105773926,
        22.160517930984497,
        23.171009063720703,
        24.17292809486389,
        25.17840600013733,
        26.18879199028015,
        27.19859004020691,
        28.20631504058838,
        29.21683382987976,
        30.22315001487732
      ]
    },
    "transform_metrics": {
      "cpu_usage": [
        43.9,
        38.6,
        36.7,
        35.0,
        37.7,
        35.7,
        32.7,
        32.8,
        33.0,
        34.9,
        33.8,
        33.8,
        34.1,
        35.5,
        32.6,
        33.4,
        32.9,
        33.5,
        32.5,
        32.8,
        32.8,
        33.0,
        33.7,
        35.2,
        35.7,
        32.7,
        32.5,
        32.7,
        32.8,
        33.8
      ],
      "memory_usage": [
        95.6,
        95.4,
        95.4,
        95.4,
        95.4,
        95.4,
        95.4,
        95.4,
        95.5,
        95.4,
        95.5,
        95.5,
        95.5,
        95.5,
        95.5,
        95.6,
        95.6,
        95.6,
        95.6,
        95.6,
        95.6,
        95.6,
        95.6,
        95.6,
        95.7,
        95.7,
        95.7,
        95.7,
        95.7,
        95.7
      ],
      "disk_io": [
        0,
        0,
        0,
        0,
        0,
        0,
        0,
        0,
        0,
        0,
        0,
        0,
        0,
        0,
        0,
        0,
        0,
        0,
        0,
        0,
        0,
        0,
        0,
        0,
        0,
        0,
        0,
        0,
        0,
        0
      ],
      "timestamps": [
        1.0109827518463135,
        2.0207629203796387,
        3.0280659198760986,
        4.038595914840698,
        5.049440860748291,
        6.059805870056152,
        7.061065912246704,
        8.065639972686768,
        9.074858903884888,
        10.085280895233154,
        11.090476989746094,
        12.101018905639648,
        13.108566045761108,
        14.119071960449219,
        15.12939190864563,
        16.13988995552063,
        17.141113996505737,
        18.151565074920654,
        19.159276962280273,
        20.1686749458313,
        21.179140090942383,
        22.182515859603882,
        23.19094491004944,
        24.194746017456055,
        25.20529294013977,
        26.209234952926636,
        27.21387791633606,
        28.224400758743286,
        29.23494791984558,
        30.2412588596344
      ]
    },
    "inverse_metrics": {
      "cpu_usage": [
        32.9,
        33.0,
        33.1,
        33.3,
        32.8,
        34.5,
        36.1,
        34.7,
        38.9,
        36.7,
        37.7,
        32.8,
        33.5,
        32.8,
        32.4,
        33.8,
        32.6,
        33.5,
        34.2,
        33.3,
        33.0,
        32.7,
        33.5,
        33.5,
        33.0,
        32.5,
        33.3,
        32.4,
        32.5,
        33.3
      ],
      "memory_usage": [
        94.1,
        94.1,
        94.2,
        94.4,
        94.4,
        94.5,
        94.8,
        94.8,
        95.0,
        95.0,
        94.9,
        94.9,
        95.0,
        95.0,
        95.0,
        94.9,
        94.9,
        94.8,
        94.8,
        94.8,
        94.8,
        94.8,
        94.8,
        94.8,
        94.8,
        94.8,
        94.8,
        94.8,
        94.8,
        94.7
      ],
      "disk_io": [
        0,
        0,
        0,
        0,
        0,
        0,
        0,
        0,
        0,
        0,
        0,
        0,
        0,
        0,
        0,
        0,
        0,
        0,
        0,
        0,
        0,
        0,
        0,
        0,
        0,
        0,
        0,
        0,
        0,
        0
      ],
      "timestamps": [
        1.0116908550262451,
        2.020411729812622,
        3.0268590450286865,
        4.037206649780273,
        5.047617673873901,
        6.053756952285767,
        7.064243793487549,
        8.072749853134155,
        9.08136773109436,
        10.087940692901611,
        11.098352909088135,
        12.108889818191528,
        13.11939263343811,
        14.12054991722107,
        15.131354808807373,
        16.14184284210205,
        17.150340795516968,
        18.160863876342773,
        19.171303749084473,
        20.178249835968018,
        21.1885666847229,
        22.195685863494873,
        23.204049825668335,
        24.21454882621765,
        25.225131034851074,
        26.231512784957886,
        27.241909742355347,
        28.24917769432068,
        29.254026651382446,
        30.26294183731079
      ]
    }
  },
  "spark_results": {
    "fit_time": 152.8006510734558,
    "transform_time": 30.41060209274292,
    "inverse_time": 30.41230010986328,
    "fit_metrics": {
      "cpu_usage": [
        33.1,
        36.3,
        39.2,
        33.8,
        34.7,
        33.1,
        33.8,
        33.5,
        33.1,
        33.8,
        32.5,
        34.0,
        33.8,
        33.1,
        32.7,
        35.8,
        34.0,
        32.3,
        33.4,
        33.2,
        32.8,
        34.0,
        33.7,
        34.7,
        41.9,
        45.5,
        39.5,
        41.2,
        33.1,
        32.7
      ],
      "memory_usage": [
        94.2,
        94.4,
        94.5,
        94.6,
        94.7,
        94.7,
        94.7,
        94.7,
        94.8,
        94.8,
        94.8,
        94.8,
        94.7,
        94.7,
        94.7,
        94.8,
        94.8,
        94.8,
        94.9,
        94.9,
        94.9,
        94.9,
        95.0,
        94.6,
        94.6,
        94.8,
        94.8,
        94.8,
        94.8,
        94.8
      ],