{
  "timestamps": [
    0.0063381195068359375,
    1.0145339965820312,
    2.027039051055908,
    4.015972137451172,
    5.0287559032440186,
    7.226315021514893,
    8.276847839355469,
    9.289038181304932,
    10.301156044006348,
    11.313534021377563,
    12.927510023117065,
    14.080557107925415,
    15.09284520149231,
    16.10496211051941,
    17.396699905395508,
    18.544185876846313,
    19.575958013534546,
    20.587351083755493,
    21.596709966659546,
    23.559452056884766,
    24.82029104232788,
    25.832085132598877,
    26.84337306022644,
    28.983487129211426,
    29.994721174240112,
    32.499096155166626,
    33.512612104415894,
    35.66046118736267,
    36.95568108558655,
    37.9684419631958,
    40.3218629360199,
    42.22427797317505,
    43.23547124862671,
    44.247698068618774,
    46.24066996574402,
    48.14904808998108,
    49.16034197807312,
    50.17173099517822,
    52.218565940856934,
    53.232470989227295,
    54.24471306800842,
    55.834980964660645,
    56.84624910354614,
    57.85333609580994,
    58.860203981399536,
    68.28796911239624,
    69.8015239238739,
    70.80654382705688,
    72.4169659614563,
    73.42425084114075,
    74.57871103286743,
    76.00051403045654,
    77.20511794090271,
    78.34273505210876,
    87.06607699394226,
    88.17893600463867,
    89.33454704284668,
    90.38099002838135,
    91.67283296585083,
    92.77750205993652,
    93.83259701728821,
    103.513680934906,
    104.84802317619324,
    106.11077785491943,
    107.18688583374023,
    108.58698010444641,
    109.61913514137268,
    110.62538194656372,
    111.62696194648743,
    119.93841481208801,
    121.50021886825562,
    122.5885980129242,
    123.83976411819458,
    124.8609869480133,
    126.26398015022278,
    127.34557485580444,
    128.34704208374023,
    129.3561668395996
  ],
  "cpu_usage": [
    0.0,
    32.5,
    46.8,
    32.8,
    32.0,
    36.2,
    26.2,
    28.3,
    30.8,
    35.7,
    30.2,
    29.5,
    28.4,
    29.2,
    29.5,
    35.6,
    31.0,
    32.0,
    34.0,
    38.9,
    36.7,
    45.0,
    38.2,
    39.4,
    28.3,
    33.0,
    29.5,
    34.6,
    32.8,
    34.1,
    32.6,
    28.7,
    28.1,
    37.3,
    33.0,
    28.5,
    35.1,
    33.5,
    38.9,
    48.0,
    33.9,
    35.1,
    33.9,
    36.9,
    45.2,
    55.1,
    57.1,
    57.3,
    55.0,
    42.6,
    48.4,
    56.6,
    49.5,
    50.3,
    40.6,
    46.0,
    45.4,
    38.3,
    47.7,
    41.9,
    45.8,
    38.7,
    48.8,
    39.4,
    35.8,
    40.9,
    40.3,
    42.7,
    28.9,
    40.8,
    53.6,
    38.5,
    46.9,
    43.1,
    37.3,
    41.9,
    38.2,
    41.3
  ],
  "memory_usage": [
    96.0,
    96.2,
    96.1,
    96.0,
    95.3,
    96.1,
    94.6,
    94.7,
    96.0,
    96.1,
    95.9,
    93.8,
    95.0,
    96.1,
    96.0,
    95.5,
    95.7,
    96.0,
    96.1,
    96.1,
    94.8,
    95.3,
    95.7,
    96.1,
    94.8,
    96.1,
    95.2,
    96.0,
    96.0,
    96.0,
    96.1,
    94.6,
    95.4,
    95.5,
    96.1,
    94.9,
    95.5,
    96.1,
    96.0,
    95.3,
    95.8,
    96.1,
    95.5,
    94.7,
    95.5,
    96.2,
    96.2,
    95.4,
    95.4,
    96.0,
    95.7,
    95.6,
    95.5,
    95.9,
    96.1,
    96.1,
    95.1,
    95.0,
    94.9,
    94.5,
    94.2,
    96.1,
    96.1,
    95.0,
    94.8,
    94.8,
    94.6,
    94.5,
    95.1,
    96.1,
    96.1,
    94.6,
    94.8,
    94.9,
    94.9,
    94.7,
    95.3,
    95.2
  ],
  "disk_io": [
    704512.0,
    262.0824730175847,
    356.25593759374806,
    146.4883211722581,
    33.077149468104764,
    122.92580277091893,
    74.15507866773001,
    6.946568949134529,
    38.00817218789531,
    147.98079704282938,
    19.976869213204036,
    9.109694121247335,
    13.467324753335262,
    7.796159642846879,
    25.888695354932803,
    192.62558475598416,
    52.53779329997509,
    1.7148377332871296,
    166.91442989561028,
    199.73252698474323,
    105.74865846422186,
    72.86716062974165,
    23.596920914483967,
    93.45661308364737,
    2.3486155471878187,
    98.524457950269,
    15.169963542644378,
    100.03830772188583,
    62.239069489701514,
    9.191304636464716,
    188.67480791894369,
    17.674902344276262,
    2.290765085404027,
    18.3691536647347,
    122.8320286919811,
    4.781547159920432,
    35.77177878356517,
    49.28247109373177,
    274.2801764183497,
    127.06133104580557,
    4.781310569333184,
    132.2104284709584,
    7.852918473978715,
    431.7332783463371,
    55.76156718626794,
    241.62920966394157,
    311.2808478604302,
    213.2886864440253,
    74.4418559204098,
    10.835129882441048,
    18.356116912359514,
    42.83458668554604,
    43.41416672027076,
    20.904441191806708,
    40.48763677441791,
    363.9204819364869,
    54.966185982870996,
    1.9970927980679412,
    60.45445153184105,
    2.248976651289637,
    12.78765233971522,
    32.587712045949345,
    358.8729788978631,
    68.29995976494875,
    6.265344772731905,
    13.428225258372995,
    1.6046523446053886,
    16.723655581500317,
    114.31937539559682,
    36.95202330643394,
    497.89426412307364,
    4.877522484700415,
    7.439934402625419,
    7.011355446559082,
    6.584694234762719,
    20.130865459710787,
    123.11233489300452,
    3.4760939909879944
  ],
  "network_io": [
    0.0,
    0.0038744951143146323,
    0.005787008147870115,
    0.002945989002887731,
    0.002892707800965319,
    0.0039994657831619925,
    0.0055775268516068295,
    0.002894403728806054,
    0.25858524945054684,
    0.01929244850892123,
    0.0036303978458694037,
    0.011857169737584855,
    0.00289412423065944,
    0.001929742485853188,
    0.003024027024288378,
    0.1446776946563458,
    0.007571923801970901,
    0.004827808933803856,
    0.005805046251876081,
    0.004477950793316649,
    0.003098135483673333,
    0.0038607163627075156,
    0.0048283108762653395,
    0.0031941930568411955,
    0.0038628545184010176,
    0.0038994260341904266,
    0.004817696755158911,
    0.006365379722695714,
    0.005277820012936844,
    0.25745681262443126,
    0.0029046811339481266,
    0.004106622291885749,
    0.004828762827580158,
    0.003859065895952668,
    0.014700094387813086,
    0.004093790376644206,
    0.0057939389024239014,
    0.0028966969686754565,
    0.014790365761496033,
    0.03371093531385078,
    0.008682767377723699,
    0.006140867850352927,
    0.005794086429398953,
    0.022302877181951165,
    0.009699013286416883,
    0.0324216883060689,
    0.09613646720725157,
    0.0068017931568817745,
    0.02122405471826607,
    0.27436844637892055,
    0.004229520025889289,
    0.00755532764962168,
    0.03891320590403713,
    0.0008584281041313529,
    0.01690417943985883,
    0.03773360964541402,
    0.004225307944074088,
    0.005599325602059647,
    0.037041316023861,
    0.0044201585127547904,
    0.0018511367023328344,
    0.044585981143546664,
    0.0036593404217568513,
    0.004640153070674538,
    0.007259959180454119,
    0.02999240006804689,
    0.003784557416522143,
    0.0019409999514276135,
    0.006825153757583736,
    0.02314671280832661,
    0.003751671009472145,
    0.0035890526009568907,
    0.03668452758323486,
    0.014344016871029219,
    0.006264508257173834,
    0.04333878462801031,
    0.006825922316090293,
    0.002903196540357456
  ],
  "process_metrics": [
    {
      "cpu_percent": 0.0,
      "memory_mb": 450.4921875,
      "threads": 20
    },
    {
      "cpu_percent": 0.0,
      "memory_mb": 569.16015625,
      "threads": 20
    },
    {
      "cpu_percent": 0.0,
      "memory_mb": 592.95703125,
      "threads": 20
    },
    {
      "cpu_percent": 0.0,
      "memory_mb": 1023.09765625,
      "threads": 20
    },
    {
      "cpu_percent": 0.0,
      "memory_mb": 593.22265625,
      "threads": 20
    },
    {
      "cpu_percent": 0.0,
      "memory_mb": 1160.7109375,
      "threads": 20
    },
    {
      "cpu_percent": 0.0,
      "memory_mb": 674.15625,