{
  "timestamps": [
    0.008060932159423828,
    1.0142490863800049,
    2.0206410884857178,
    3.0289759635925293,
    4.036808013916016,
    5.0422539710998535,
    6.049047231674194,
    7.056800127029419,
    8.060108184814453,
    9.06741213798523,
    10.078455209732056,
    11.085594892501831,
    12.105720043182373,
    13.118175029754639,
    14.130270957946777,
    15.14670181274414,
    16.164891004562378,
    17.18678617477417,
    18.207077026367188,
    19.2249538898468,
    20.240796089172363,
    21.253538131713867,
    22.26644015312195,
    23.289500951766968,
    24.308396100997925,
    25.331139087677002,
    26.353727102279663,
    27.367023944854736,
    28.374120950698853,
    29.387680053710938,
    30.403484106063843,
    31.419198036193848,
    32.46253299713135,
    33.600417137145996,
    34.611769914627075,
    35.626638889312744,
    36.63366508483887,
    37.652013063430786,
    38.66888499259949,
    39.685702085494995,
    40.70307993888855,
    41.73144006729126,
    42.791748046875,
    43.808634996414185,
    44.829293966293335,
    45.847368001937866,
    46.86215615272522,
    47.87931203842163,
    48.88929104804993,
    49.8938090801239
  ],
  "cpu_usage": [
    0.0,
    46.7,
    53.2,
    66.6,
    96.6,
    72.0,
    75.3,
    99.1,
    99.9,
    99.8,
    99.9,
    99.0,
    98.5,
    92.6,
    91.9,
    93.5,
    94.8,
    91.4,
    90.7,
    88.3,
    87.8,
    89.4,
    87.8,
    85.3,
    90.0,
    89.3,
    90.2,
    85.7,
    89.1,
    90.8,
    87.2,
    85.3,
    87.8,
    86.6,
    86.5,
    84.8,
    85.8,
    84.8,
    85.0,
    85.0,
    87.1,
    89.2,
    90.5,
    85.8,
    88.6,
    85.4,
    84.6,
    78.7,
    74.6,
    81.0
  ],
  "memory_usage": [
    96.1,
    96.1,
    96.1,
    96.2,
    95.9,
    96.1,
    96.0,
    96.1,
    96.1,
    96.2,
    96.1,
    96.2,
    96.2,
    96.1,
    96.1,
    96.0,
    96.2,
    96.1,
    96.0,
    96.0,
    96.1,
    96.0,
    96.1,
    96.1,
    96.2,
    96.1,
    96.1,
    96.1,
    95.9,
    96.2,
    96.2,
    96.1,
    95.9,
    96.1,
    96.1,
    96.1,
    96.1,
    96.1,
    96.1,
    96.0,
    96.0,
    95.9,
    95.7,
    96.1,
    96.0,
    96.0,
    96.0,
    95.9,
    95.8,
    95.8
  ],
  "disk_io": [
    36864.0,
    18.347400953353812,
    72.15596641076266,
    41.56372777006301,
    20.03837097016101,
    19.355528122573894,
    19.841772171383088,
    78.31083305613532,
    124.76305784521048,
    185.83020488579834,
    10.918488844325196,
    191.48830301236904,
    374.74338907826296,
    61.61539360006631,
    68.32201926107611,
    19.07332767251045,
    35.15739048071756,
    134.29016277820202,
    11.01861050939265,
    10.749243491591683,
    33.904287765232,
    10.499033370152842,
    11.515489409119017,
    88.36076762957501,
    157.2321991334617,
    47.52843640398676,
    14.137688926089607,
    35.35797556513708,
    13.024750767683592,
    17.412341764335743,
    17.477687954558416,
    33.462454576801676,
    17.784017784017784,
    20.236984540186633,
    20.899451922843447,
    22.120312385106757,
    14.468652915615277,
    46.59047152585619,
    33.52806683125951,
    16.976227947590065,
    12.025399372702237,
    12.409775911695458,
    16.515690806056952,
    67.51995025711977,
    16.15454499160701,
    19.99025786677258,
    9.831177563769726,
    12.604078372138975,
    17.408313521754025,
    10.114458800727418
  ],
  "network_io": [
    0.0,
    0.02329335711386434,
    0.026199718841992896,
    0.016464334329645613,
    0.010658707962851602,
    0.555568149644333,
    0.03976890198605332,
    0.008721446041494059,
    0.013626796768863683,
    0.01066429598155145,
    0.01931792081444656,
    0.011635674971888502,
    0.007658374067915251,
    0.018326432035085473,
    0.019297824895795988,
    0.016333194158406086,
    0.007672935504303265,
    0.04395937695907669,
    0.018185684475196348,
    0.03070115956184701,
    0.024033321825189972,
    0.012535583560983372,
    0.015425973756355012,
    0.010500048007144209,
    0.009584523988921638,
    0.045832629126313175,
    0.013369876044667287,
    0.017347458574260455,
    0.01260584871797846,
    0.013488976577063988,
    0.015381903590370444,
    0.0192290854940821,
    0.011232011232011231,
    0.010298719867779457,
    0.021243205613683046,
    0.03271666178413215,
    0.023273972518415995,
    0.015343478190632696,
    0.017286468920791453,
    0.013445756464486359,
    0.010558699960067416,
    0.02374077118092948,
    0.013815266679168764,
    0.018246558782574893,
    0.008611164707679643,
    0.015347606807502941,
    0.035606261732525436,
    0.013441277971507135,
    0.5424385628584762,
    0.4471982937653415
  ],
  "process_metrics": [
    {
      "cpu_percent": 0.0,
      "memory_mb": 186.17578125,
      "threads": 6
    },
    {
      "cpu_percent": 0.0,
      "memory_mb": 185.87109375,
      "threads": 6
    },
    {
      "cpu_percent": 0.0,
      "memory_mb": 154.859375,
      "threads": 6
    },
    {
      "cpu_percent": 0.0,
      "memory_mb": 61.35546875,
      "threads": 6
    },
    {
      "cpu_percent": 0.0,
      "memory_mb": 51.640625,
      "threads": 6
    },
    {
      "cpu_percent": 0.0,
      "memory_mb": 52.9375,
      "threads": 6
    },
    {
      "cpu_percent": 0.0,
      "memory_mb": 48.52734375,
      "threads": 6
    },
    {
      "cpu_percent": 0.0,
      "memory_mb": 45.05078125,
      "threads": 6
    },
    {
      "cpu_percent": 0.0,
      "memory_mb": 45.125,
      "threads": 6
    },
    {
      "cpu_percent": 0.0,
      "memory_mb": 44.37109375,
      "threads": 6
    },
    {
      "cpu_percent": 0.0,
      "memory_mb": 43.984375,
      "threads": 6
    },
    {
      "cpu_percent": 0.0,
      "memory_mb": 39.70703125,
      "threads": 6
    },
    {
      "cpu_percent": 0.0,
      "memory_mb": 25.109375,
      "threads": 6
    },
    {
      "cpu_percent": 0.0,
      "memory_mb": 23.53125,
      "threads": 6
    },
    {
      "cpu_percent": 0.0,
      "memory_mb": 23.3046875,
      "threads": 6
    },
    {
      "cpu_percent": 0.0,
      "memory_mb": 22.08984375,
      "threads": 6
    },
    {
      "cpu_percent": 0.0,
      "memory_mb": 22.015625,
      "threads": 6
    },
    {
      "cpu_percent": 0.0,
      "memory_mb": 13.73828125,
      "threads": 6
    },
    {
      "cpu_percent": 0.0,
      "memory_mb": 13.91796875,
      "threads": 6
    },
    {
      "cpu_percent": 0.0,
      "memory_mb": 13.828125,
      "threads": 6
    },
    {
      "cpu_percent": 0.0,
      "memory_mb": 13.7890625,
      "threads": 6
    },
    {
      "cpu_percent": 0.0,
      "memory_mb": 13.83984375,
      "threads": 6
    },
    {
      "cpu_percent": 0.0,
      "memory_mb": 13.9296875,
      "threads": 6
    },
    {
      "cpu_percent": 0.0,
      "memory_mb": 13.921875,
      "threads": 6
    },
    {
      "cpu_percent": 0.0,
      "memory_mb": 13.81640625,
      "threads": 6
    },
    {
      "cpu_percent": 0.0,
      "memory_mb": 13.80078125,
      "threads": 6
    },
    {
      "cpu_percent": 0.0,
      "memory_mb": 13.84765625,
      "threads": 6
    },
    {
      "cpu_percent": 0.0,
      "memory_mb": 13.7265625,
      "threads": 6
    },
    {
      "cpu_percent": 0.0,
      "memory_mb": 13.70703125,
      "threads": 6
    },
    {
      "cpu_percent": 0.0,
      "memory_mb": 13.828125,
      "threads": 6
    },
    {
      "cpu_percent": 0.0,
      "memory_mb": 13.9921875,
      "threads": 6
    },
    {
      "cpu_percent": 0.0,
      "memory_mb": 13.765625,
      "threads": 6
    },
    {
      "cpu_percent": 0.0,
      "memory_mb": 13.7109375,
      "threads": 6
    },
    {
      "cpu_percent": 0.0,
      "memory_mb": 13.52734375,
      "threads": 6
    },
    {
      "cpu_percent": 0.0,
      "memory_mb": 13.48828125,
      "threads": 6
    },
    {
      "cpu_percent": 0.0,
      "memory_mb": 13.4765625,
      "threads": 6
    },
    {
      "cpu_percent": 0.0,