{
  "timestamps": [
    0.009670257568359375,
    1.0167059898376465,
    2.0230891704559326,
    3.0373198986053467,
    4.041176080703735,
    5.05047082901001,
    6.079279184341431,
    7.098937034606934,
    8.105781078338623,
    9.11432409286499,
    10.121584177017212,
    11.132256031036377,
    12.141379117965698,
    13.152867078781128,
    14.161013126373291,
    15.17137622833252,
    16.174639225006104,
    17.196603059768677,
    18.199057817459106,
    19.21197009086609,
    20.228394031524658,
    21.25346302986145,
    22.270153045654297,
    23.27708387374878,
    24.302502155303955,
    25.315643072128296,
    26.32618021965027,
    27.332681894302368,
    28.339975833892822
  ],
  "cpu_usage": [
    0.0,
    55.2,
    98.0,
    99.4,
    99.5,
    97.5,
    97.2,
    99.4,
    99.5,
    99.8,
    100.0,
    99.6,
    99.8,
    100.0,
    100.0,
    99.4,
    99.3,
    98.2,
    98.3,
    98.2,
    94.1,
    95.8,
    96.9,
    98.1,
    95.7,
    97.7,
    70.6,
    88.5,
    84.2
  ],
  "memory_usage": [
    96.2,
    96.1,
    96.1,
    96.1,
    96.1,
    96.1,
    96.1,
    96.1,
    96.1,
    96.1,
    96.0,
    96.1,
    96.1,
    96.1,
    96.1,
    96.1,
    96.1,
    96.1,
    96.2,
    95.9,
    95.9,
    96.1,
    96.2,
    96.1,
    96.1,
    96.0,
    96.1,
    96.1,
    95.9
  ],
  "disk_io": [
    16384.0,
    19.375398632610242,
    68.251836201993,
    80.1561939937828,
    140.7502103086633,
    138.95841649365306,
    75.58046364713965,
    190.53572720438746,
    90.38918496522624,
    24.91992125075884,
    56.631816992938056,
    42.92859109261123,
    29.821684182821357,
    29.825336453515014,
    30.8812523486622,
    88.435100536367,
    33.632444944023156,
    26.591724996133145,
    29.462832136231746,
    125.58158128753416,
    72.36615014434024,
    86.81580229661881,
    115.62490599293156,
    63.85819110502646,
    17.184298414570293,
    149.82414215960245,
    108.51669977586411,
    40.12195261767293,
    3.823672861137206
  ],
  "network_io": [
    0.0,
    0.5062041084195469,
    0.06598505547280942,
    0.006740022078085713,
    0.007782489304064764,
    0.007740553503434327,
    0.004746085580173042,
    0.006704148355470444,
    0.005819545774222652,
    0.007746323049660815,
    0.2617713926606395,
    0.012561260560996351,
    0.006774136464166325,
    0.007723769637062026,
    0.007749373236803563,
    0.0067658225906549905,
    0.008760477092388528,
    0.00477787210653535,
    0.0038966845835513484,
    0.032779862453753854,
    0.0038431306502570493,
    0.013337516813193126,
    0.011526374625466693,
    0.007758725606588477,
    0.0076188421257239155,
    0.006747272157783378,
    0.6339450277220715,
    0.008732288004426785,
    0.43142353529565336
  ],
  "process_metrics": [
    {
      "cpu_percent": 0.0,
      "memory_mb": 42.421875,
      "threads": 6
    },
    {
      "cpu_percent": 0.0,
      "memory_mb": 47.00390625,
      "threads": 6
    },
    {
      "cpu_percent": 0.0,
      "memory_mb": 46.62109375,
      "threads": 6
    },
    {
      "cpu_percent": 0.0,
      "memory_mb": 46.73828125,
      "threads": 6
    },
    {
      "cpu_percent": 0.0,
      "memory_mb": 46.80078125,
      "threads": 6
    },
    {
      "cpu_percent": 0.0,
      "memory_mb": 39.765625,
      "threads": 6
    },
    {
      "cpu_percent": 0.0,
      "memory_mb": 39.47265625,
      "threads": 6
    },
    {
      "cpu_percent": 0.0,
      "memory_mb": 38.9609375,
      "threads": 6
    },
    {
      "cpu_percent": 0.0,
      "memory_mb": 30.0859375,
      "threads": 6
    },
    {
      "cpu_percent": 0.0,
      "memory_mb": 30.16015625,
      "threads": 6
    },
    {
      "cpu_percent": 0.0,
      "memory_mb": 29.9140625,
      "threads": 6
    },
    {
      "cpu_percent": 0.0,
      "memory_mb": 30.14453125,
      "threads": 6
    },
    {
      "cpu_percent": 0.0,
      "memory_mb": 30.2734375,
      "threads": 6
    },
    {
      "cpu_percent": 0.0,
      "memory_mb": 30.390625,
      "threads": 6
    },
    {
      "cpu_percent": 0.0,
      "memory_mb": 30.0390625,
      "threads": 6
    },
    {
      "cpu_percent": 0.0,
      "memory_mb": 30.14453125,
      "threads": 6
    },
    {
      "cpu_percent": 0.0,
      "memory_mb": 30.24609375,
      "threads": 6
    },
    {
      "cpu_percent": 0.0,
      "memory_mb": 30.32421875,
      "threads": 6
    },
    {
      "cpu_percent": 0.0,
      "memory_mb": 28.7109375,
      "threads": 6
    },
    {
      "cpu_percent": 0.0,
      "memory_mb": 28.5234375,
      "threads": 6
    },
    {
      "cpu_percent": 0.0,
      "memory_mb": 26.53515625,
      "threads": 6
    },
    {
      "cpu_percent": 0.0,
      "memory_mb": 20.6015625,
      "threads": 6
    },
    {
      "cpu_percent": 0.0,
      "memory_mb": 20.46484375,
      "threads": 6
    },
    {
      "cpu_percent": 0.0,
      "memory_mb": 20.6171875,
      "threads": 6
    },
    {
      "cpu_percent": 0.0,
      "memory_mb": 20.6875,
      "threads": 6
    },
    {
      "cpu_percent": 0.0,
      "memory_mb": 20.46875,
      "threads": 6
    },
    {
      "cpu_percent": 0.0,
      "memory_mb": 27.1171875,
      "threads": 6
    },
    {
      "cpu_percent": 0.0,
      "memory_mb": 25.94921875,
      "threads": 6
    },
    {
      "cpu_percent": 0.0,
      "memory_mb": 27.87890625,
      "threads": 6
    }
  ]
}