{
  "timestamps": [
    0.03977203369140625,
    1.047421932220459,
    2.056877851486206,
    3.062969923019409,
    4.076739072799683,
    5.089046955108643,
    6.096447944641113,
    7.119726896286011,
    8.19877004623413,
    9.2343270778656,
    10.250903129577637,
    11.271764993667603,
    12.286125898361206,
    13.291832208633423,
    14.310472011566162,
    15.332872867584229,
    16.354015111923218,
    17.38485312461853,
    18.39278292655945,
    19.409492015838623,
    20.426347017288208,
    21.446809768676758,
    22.461059093475342,
    23.478781938552856,
    24.491078853607178,
    25.504730939865112,
    26.53113293647766,
    27.55164909362793,
    28.566505908966064,
    29.590733766555786,
    30.599016904830933,
    31.611788988113403,
    32.62515306472778,
    33.6481249332428,
    34.66996884346008,
    35.687142848968506,
    36.70868992805481,
    37.725428104400635,
    38.742058992385864,
    39.75268507003784,
    40.76443290710449,
    41.79836392402649,
    42.82080388069153,
    43.827430963516235,
    44.84239912033081,
    45.852694034576416,
    46.861233949661255,
    47.87456488609314,
    48.90682816505432,
    49.943350076675415,
    50.94927382469177,
    51.96652388572693,
    52.983757734298706,
    53.99609613418579
  ],
  "cpu_usage": [
    0.0,
    44.5,
    36.7,
    38.7,
    82.7,
    97.8,
    100.0,
    96.6,
    96.9,
    96.2,
    96.1,
    98.0,
    96.2,
    98.4,
    96.2,
    97.4,
    96.9,
    96.6,
    95.4,
    93.7,
    94.3,
    95.8,
    93.2,
    92.5,
    66.9,
    97.7,
    97.9,
    99.4,
    99.4,
    99.3,
    99.8,
    99.9,
    99.8,
    99.4,
    100.0,
    99.5,
    99.0,
    99.9,
    97.8,
    88.0,
    97.7,
    98.7,
    99.8,
    99.3,
    99.1,
    98.4,
    99.6,
    99.4,
    99.3,
    97.7,
    99.8,
    99.3,
    98.9,
    96.8
  ],
  "memory_usage": [
    94.2,
    95.0,
    95.5,
    95.7,
    96.1,
    96.1,
    96.1,
    96.1,
    96.1,
    96.1,
    96.2,
    96.1,
    96.0,
    96.0,
    96.0,
    96.0,
    95.9,
    96.0,
    96.0,
    96.0,
    96.1,
    96.0,
    96.1,
    96.1,
    96.1,
    96.0,
    96.2,
    96.2,
    96.2,
    96.1,
    95.9,
    96.0,
    95.9,
    96.0,
    96.1,
    96.1,
    96.1,
    96.1,
    96.1,
    96.1,
    96.0,
    95.8,
    95.8,
    96.1,
    96.1,
    96.0,
    96.1,
    95.9,
    96.0,
    96.0,
    96.0,
    96.2,
    95.9,
    96.2
  ],
  "disk_io": [
    1359872.0,
    193.03889702559394,
    190.25951513534002,
    93.50069954993725,
    78.33930315122849,
    188.29961796328575,
    611.4395857759341,
    156.11578811740975,
    40.0637071391246,
    135.41549568648452,
    164.0386985500591,
    143.86587712425018,
    48.61435389694486,
    53.23140135762847,
    33.91087669119962,
    20.207491150256747,
    18.27380695828443,
    21.554065455837293,
    24.136725546910704,
    7.326794683503162,
    36.69786370407121,
    75.06934343831999,
    6.035097682924823,
    58.93211770777525,
    19.189805837704824,
    116.02538641653132,
    32.839989946671835,
    76.2673189490124,
    87.60472281045656,
    25.32014098018051,
    70.77315120242248,
    16.172351628132095,
    15.426649573200557,
    18.60388402236954,
    8.417687294501722,
    23.107065381848646,
    27.608247899084155,
    7.138329875725435,
    115.73153185732187,
    83.76614444452571,
    31.1303791281791,
    7.2123102295543005,
    9.967730802737789,
    2.0993685606688617,
    7.851231535193683,
    11.947315907269502,
    11.394876224639331,
    10.2038173100768,
    12.366636748763058,
    18.69985794095349,
    11.541008971001268,
    48.7681219203048,
    4.446801987911652,
    7.790595270197866
  ],
  "network_io": [
    0.0,
    0.03295105278973308,
    0.003869658818625095,
    3.2021718276642614,
    57.45113422777122,
    106.9406233314892,
    160.52484790594664,
    104.66793244924268,
    133.46876322269813,
    89.4050076886045,
    113.16518368818262,
    115.47381349687808,
    126.72696118826534,
    138.90366167105793,
    124.08550808253275,
    143.49840354829232,
    118.35608516591599,
    133.95692526311115,
    144.24580775122507,
    118.6896555120349,
    131.80767826674753,
    140.07125669751696,
    115.67398937958238,
    100.34081589002959,
    88.38096027655979,
    160.2526467312625,
    166.43488820782702,
    180.4425436675229,
    159.90363805255723,
    150.91303638356646,
    158.47541218515948,
    179.36152343501715,
    177.5876426380184,
    165.18393205699363,
    177.7280754395085,
    169.55486076228857,
    135.72207019475672,
    166.85750035936144,
    130.00297416147384,
    88.93485414637334,
    171.24797234786305,
    167.51053320084924,
    183.63891630118664,
    154.62761374671373,
    180.3608769850731,
    172.02008361565495,
    191.94866532249773,
    138.97159722160131,
    162.39062865938075,
    169.90603493327643,
    152.77274711731036,
    179.37164842912108,
    169.17815922231068,
    135.94665919306274
  ],
  "process_metrics": [
    {
      "cpu_percent": 0.0,
      "memory_mb": 318.2421875,
      "threads": 21
    },
    {
      "cpu_percent": 0.0,
      "memory_mb": 319.015625,
      "threads": 21
    },
    {
      "cpu_percent": 0.0,
      "memory_mb": 244.9609375,
      "threads": 21
    },
    {
      "cpu_percent": 0.0,
      "memory_mb": 53.69140625,
      "threads": 21
    },
    {
      "cpu_percent": 0.0,
      "memory_mb": 9.17578125,
      "threads": 21
    },
    {
      "cpu_percent": 0.0,
      "memory_mb": 8.875,
      "threads": 21
    },
    {
      "cpu_percent": 0.0,
      "memory_mb": 8.828125,
      "threads": 21
    },
    {
      "cpu_percent": 0.0,
      "memory_mb": 8.6640625,
      "threads": 21
    },
    {
      "cpu_percent": 0.0,
      "memory_mb": 8.75390625,
      "threads": 21
    },
    {
      "cpu_percent": 0.0,
      "memory_mb": 8.71875,
      "threads": 21
    },
    {
      "cpu_percent": 0.0,
      "memory_mb": 8.359375,
      "threads": 21
    },
    {
      "cpu_percent": 0.0,
      "memory_mb": 8.5625,
      "threads": 21
    },
    {
      "cpu_percent": 0.0,
      "memory_mb": 8.53515625,
      "threads": 21
    },
    {
      "cpu_percent": 0.0,
      "memory_mb": 8.5546875,
      "threads": 21
    },
    {
      "cpu_percent": 0.0,
      "memory_mb": 8.65234375,
      "threads": 21
    },
    {
      "cpu_percent": 0.0,
      "memory_mb": 8.6875,
      "threads": 21
    },
    {
      "cpu_percent": 0.0,
      "memory_mb": 8.24609375,
      "threads": 21
    },
    {
      "cpu_percent": 0.0,
      "memory_mb": 8.51953125,
      "threads": 21
    },
    {
      "cpu_percent": 0.0,
      "memory_mb": 8.71484375,
      "threads": 21
    },
    {
      "cpu_percent": 0.0,
      "memory_mb": 8.69140625,
      "threads": 21
    },
    {
      "cpu_percent": 0.0,
      "memory_mb": 8.53125,
      "threads": 21
    },
    {
      "cpu_percent": 0.0,
      "memory_mb": 8.64453125,
      "threads": 21
    },
    {
      "cpu_percent": 0.0,
      "memory_mb": 8.21484375,
      "threads": 21
    },
    {
      "cpu_percent": 0.0,
      "memory_mb": 8.19921875,
      "threads": 21
    },
    {
      "cpu_percent": 0.0,
      "memory_mb": 14.15625,
      "threads": 21
    },
    {
      "cpu_percent": 0.0,
      "memory_mb": 8.88671875,
      "threads": 21
    },
    {
      "cpu_percent": 0.0,
      "memory_mb": 8.75390625,
      "threads": 21
    },
    {
      "cpu_percent": 0.0,
      "memory_mb": 8.578125,
      "threads": 21
    },
    {
      "cpu_percent": 0.0,
      "memory_mb": 8.671875,
      "threads": 21
    },
    {
      "cpu_percent": 0.0,
      "memory_mb": 8.64453125,
      "threads": 21
    },
    {
      "cpu_percent": 0.0,
      "memory_mb": 8.7109375,
      "threads": 21
    },
    {
      "cpu_percent": 0.0,
      "memory_mb": 8.63671875,
      "threads": 21
    },
    {
      "cpu_percent": 0.0,
      "memory_mb": 8.75390625,
      "threads": 21
    },
    {
      "cpu_percent": 0.0,