{
  "timestamps": [
    0.043473243713378906,
    1.0512611865997314,
    2.0580832958221436,
    3.0608341693878174,
    4.067201137542725,
    5.073688268661499,
    6.081712245941162,
    7.089263200759888,
    8.108720302581787,
    9.117107391357422,
    10.125957250595093,
    11.13169527053833,
    12.139354228973389,
    13.17168116569519,
    14.18208622932434,
    15.19088625907898,
    16.198960304260254,
    17.204103231430054,
    18.22542905807495,
    19.234458208084106,
    20.244271278381348,
    21.251750230789185,
    22.26703906059265,
    23.27847909927368,
    24.317929983139038,
    25.342323303222656,
    26.359411239624023,
    27.385614156723022,
    28.414342164993286,
    29.450777292251587,
    30.461519241333008,
    31.49290919303894,
    32.499805212020874,
    33.50799322128296,
    34.52475333213806,
    35.5308563709259,
    36.537779331207275,
    37.5516459941864,
    38.56088829040527,
    39.587032079696655,
    40.594659090042114,
    41.61513018608093,
    42.62548828125,
    43.64041519165039,
    44.64893317222595,
    45.67424011230469,
    46.68730711936951,
    47.70088505744934,
    48.71298933029175,
    49.71859312057495,
    50.73312330245972,
    51.73847723007202,
    52.74316620826721,
    53.771401166915894,
    54.79229807853699,
    55.8014600276947,
    56.806556224823,
    57.82765221595764,
    58.83885216712952,
    59.84676814079285,
    60.85781812667847,
    61.86565017700195,
    62.9209520816803,
    63.9892942905426,
    64.99470901489258,
    66.00528120994568,
    67.03322505950928,
    68.04117321968079,
    69.05803322792053,
    70.06676411628723,
    71.06982517242432,
    72.07514715194702,
    73.08502507209778,
    74.09513807296753,
    75.11354517936707,
    76.13179111480713,
    77.15827107429504,
    78.20282506942749,
    79.21361112594604,
    80.22144842147827,
    81.2299382686615,
    82.2557020187378,
    83.27638125419617,
    84.38218116760254,
    85.47016716003418,
    86.49955010414124,
    87.50920033454895
  ],
  "cpu_usage": [
    0.0,
    49.1,
    46.4,
    30.7,
    31.7,
    61.4,
    98.5,
    97.9,
    98.8,
    98.6,
    98.6,
    99.1,
    97.8,
    96.9,
    98.6,
    100.0,
    99.0,
    97.0,
    98.0,
    100.0,
    99.9,
    98.3,
    97.8,
    99.0,
    97.3,
    99.1,
    98.8,
    99.0,
    100.0,
    99.4,
    98.8,
    98.2,
    84.1,
    92.1,
    96.3,
    98.3,
    97.9,
    98.4,
    98.4,
    98.8,
    97.9,
    98.7,
    98.0,
    98.5,
    98.3,
    97.3,
    98.5,
    97.7,
    99.1,
    99.9,
    99.5,
    99.3,
    99.1,
    99.5,
    98.7,
    71.8,
    99.4,
    98.0,
    98.9,
    98.6,
    99.0,
    99.1,
    98.2,
    98.3,
    97.8,
    95.7,
    98.8,
    98.6,
    97.0,
    97.6,
    99.3,
    98.4,
    99.3,
    100.0,
    99.9,
    100.0,
    100.0,
    100.0,
    100.0,
    99.8,
    98.9,
    99.5,
    99.4,
    97.9,
    99.3,
    99.1,
    99.4
  ],
  "memory_usage": [
    93.7,
    94.6,
    94.8,
    94.8,
    95.2,
    95.4,
    95.8,
    96.0,
    96.1,
    96.1,
    96.0,
    96.1,
    96.2,
    96.0,
    96.0,
    95.9,
    96.0,
    96.1,
    96.1,
    96.1,
    96.0,
    96.1,
    96.0,
    96.1,
    96.1,
    96.0,
    95.9,
    96.1,
    96.0,
    96.1,
    96.0,
    95.9,
    96.1,
    95.9,
    96.0,
    95.9,
    95.9,
    96.1,
    96.0,
    96.0,
    95.9,
    95.9,
    96.0,
    96.0,
    96.1,
    96.0,
    96.1,
    96.1,
    96.1,
    95.9,
    96.1,
    96.1,
    96.1,
    96.1,
    96.1,
    96.1,
    96.0,
    96.0,
    96.0,
    95.9,
    96.1,
    96.3,
    95.6,
    95.8,
    96.0,
    95.8,
    95.4,
    95.7,
    95.6,
    95.8,
    95.8,
    96.1,
    96.2,
    96.1,
    96.2,
    96.2,
    96.2,
    96.1,
    96.1,
    96.1,
    96.2,
    96.0,
    96.0,
    96.2,
    96.0,
    96.0,
    95.9
  ],
  "disk_io": [
    1482752.0,
    153.1897792484402,
    176.8094118806001,
    156.69785027587818,
    34.584489158871726,
    7.23432001749136,
    6.707894754892372,
    62.93881435645029,
    146.63901721106112,
    7.925713834460107,
    40.79134607908498,
    3.5654787120431086,
    427.9140304767998,
    40.310176717992796,
    3.1314792590561558,
    3.7095434076366733,
    5.11882661265432,
    25.420047795534735,
    43.82707024754707,
    126.83525421325913,
    35.03123601835266,
    77.78543394152837,
    5.082451513820821,
    9.960272843397913,
    61.093705566780656,
    174.8557807223683,
    78.77883232348236,
    162.68636150631232,
    60.15468812213225,
    3.554099676015683,
    47.60967306614042,
    21.37209957644113,
    87.56800437958832,
    47.6682853877375,
    2.308957860301585,
    7.237081809008835,
    3.0724793475118397,
    67.14701990492573,
    59.29572137850812,
    3.7991142573616528,
    1.8065340461406614,
    4.233645143669661,
    3.085230390001862,
    15.780077201501934,
    45.33648098560034,
    3.2002611820300624,
    23.48993189398912,
    40.689705202276784,
    42.27732620852457,
    37.753282273635975,
    47.982493147285425,
    29.537172615942097,
    84.964882767347,
    13.706740741943038,
    31.245502985554253,
    114.07593582584487,
    148.76918664822438,
    27.36413274813807,
    82.36656103817715,
    19.1569478553076,
    12.143161981497652,
    678.7271436053667,
    138.55632151499563,
    26.091826915351916,
    27.060506068866246,
    27.09247927463646,
    18.36569794937225,
    29.480527793159354,
    16.11501939029594,
    7.497044144494205,
    29.881188255307702,
    57.17229272883106,
    292.9113327439039,
    143.6643102059352,
    135.0454539601813,
    381.1011406908207,
    268.1341924466869,
    214.72980434253168,
    133.5323685754883,
    42.04935304326103,
    78.75714512331578,
    105.43211094363217,
    26.223346248422402,
    166.43424051559478,
    157.6558383501222,
    16.078351933795712,
    15.967008439635588
  ],
  "network_io": [
    0.0,
    0.06201701502897229,
    0.006789617984531075,
    0.003895533878828544,
    0.7607811307675487,
    10.667129060126072,
    63.55352452566356,
    46.35214548122031,
    103.11477899573728,
    98.25405948056996,
    108.1890267174896,
    137.1544115015014,
    73.90757774650366,
    75.42502135734071,
    143.35119513084877,
    117.28623699959397,
    119.87199187165886,
    84.91679473418922,
    104.10411249393347,
    98.59802489263794,
    114.26058874791258,
    103.18143595114908,
    108.26949086870044,
    115.39762019872771,
    78.1390260456221,
    86.4879285260939,
    76.96221825908069,
    44.58277773350585,
    78.23204145362078,
    79.28412440040819,
    50.93334534772828,
    90.62311813577693,
    46.971008905983766,
    60.99568396226972,
    112.00846784963002,
    143.91950523969513,
    102.89023405877006,
    109.46547755243135,
    107.12805484625929,
    111.77884919442774,
    134.8659075776555,
    125.49446727066194,
    98.68194458897872,
    117.70301852610531,
    93.66214857527049,
    137.44359809871014,
    111.24653604012698,
    86.07445050331032,
    113.88999906479819,
    119.44200020484574,
    109.06372178542824,
    128.31010728616283,
    105.57527234999955,
    81.11879389620958,
    103.4543348454163,
    39.49363011879798,
    90.66393527590691,
    100.05142539192353,
    89.64732156330165,
    108.2350113755013,
    102.51564111264992,
    26.41809217265328,
    73.29804121179588,
    68.22230276066335,
    67.00534857001932,
    59.9037947722469,
    132.73995345945005,
    131.63731925203678,
    120.06937927606435,
    111.55725605092411,
    120.74757240245934,
    108.23646773510384,
    58.428705289636866,
    79.00956990087381,
    65.653808057059,
    38.44310091263227,
    11.16718404392283,
    17.375276095898432,
    55.080701132008535,
    76.15897894953983,
    62.08036902886655,
    84.76344150252245,
    84.04616916594313,
    32.355148412235195,
    59.67968752739219,
    74.37613365929018,
    62.53325839831113
  ],
  "process_metrics": [
    {
      "cpu_percent": 0.0,