{
  "fit_time": 43.54544496536255,
  "transform_time": 1.5207440853118896,
  "inverse_time": 1.0747482776641846,
  "transformed_count": 13400000,
  "inversed_count": 13400000
}