operation,pandas_time,spark_time
fit,55.287739276885986,34.12466812133789
transform,34.3805718421936,53.62813901901245
inverse_transform,137.4703266620636,28.026124000549316
total,227.1386377811432,115.77893114089966
