operation,pandas_time,spark_time
fit,39.540998220443726,22.94265389442444
transform,20.51264500617981,22.05473303794861
inverse_transform,89.16515684127808,17.098875284194946
total,149.2188000679016,62.09626221656799
