operation,pandas_time,spark_time
fit,65.16882514953613,12.827929973602295
transform,34.65242004394531,1.263679027557373
inverse_transform,137.080326795578,1.5198440551757812
total,236.90157198905945,15.61145305633545
