operation,pandas_time,spark_time
fit,58.98020792007446,32.303279876708984
transform,31.50254797935486,22.72578477859497
inverse_transform,124.73991084098816,33.2165629863739
total,215.22266674041748,88.24562764167786
