operation,pandas_time,spark_time
fit,36.014328956604004,23.896141052246094
transform,20.29479694366455,15.640785217285156
inverse_transform,73.7120418548584,15.139755010604858
total,130.02116775512695,54.67668128013611
