operation,pandas_time,spark_time
fit,113.44568705558777,80.07931184768677
transform,39.44379496574402,145.54788780212402
inverse_transform,203.29659414291382,87.83491897583008
total,356.1860761642456,313.46211862564087
