operation,pandas_time,spark_time
fit,60.51987099647522,41.44047999382019
transform,32.060630083084106,36.73886799812317
inverse_transform,122.24369716644287,35.47412109375
total,214.8241982460022,113.65346908569336
