operation,pandas_time,spark_time
fit,54.05074191093445,26.065437078475952
transform,31.224122047424316,1.2828717231750488
inverse_transform,123.77140498161316,1.2043461799621582
total,209.04626893997192,28.55265498161316
