{
  "system_specs": {
    "total_memory_gb": 8.0,
    "available_memory_gb": 0.7554206848144531,
    "cpu_count": 8,
    "cpu_freq_mhz": 2400
  },
  "pandas_results": {
    "fit_time": 65.59731101989746,
    "transform_time": 50.89801907539368,
    "inverse_time": 106.60161590576172,
    "fit_metrics": {
      "cpu_usage": [
        40.4,
        57.4,
        46.5,
        40.4,
        32.9,
        38.3,
        35.1,
        34.5,
        34.9,
        35.0,
        36.8,
        35.0,
        34.6,
        32.5,
        39.6,
        35.2,
        34.8,
        33.4,
        33.9,
        32.5,
        32.3,
        33.0,
        32.5,
        32.4,
        33.8,
        33.2,
        32.0,
        32.6,
        32.3,
        32.7
      ],
      "memory_usage": [
        96.3,
        96.3,
        96.3,
        96.2,
        96.3,
        96.2,
        96.2,
        96.2,
        96.2,
        96.2,
        96.2,
        96.2,
        96.2,
        96.2,
        96.3,
        96.3,
        96.3,
        96.3,
        96.3,
        96.3,
        96.3,
        96.2,
        96.2,
        96.2,
        96.2,
        96.2,
        96.1,
        96.2,
        96.2,
        96.2
      ],
      "disk_io": [
        0,
        0,
        0,
        0,
        0,
        0,
        0,
        0,
        0,
        0,
        0,
        0,
        0,
        0,
        0,
        0,
        0,
        0,
        0,
        0,
        0,
        0,
        0,
        0,
        0,
        0,
        0,
        0,
        0,
        0
      ],
      "timestamps": [
        1.0103161334991455,
        2.018003225326538,
        3.028668165206909,
        4.035250186920166,
        5.038954973220825,
        6.043576240539551,
        7.053930997848511,
        8.06442904472351,
        9.067368984222412,
        10.073764085769653,
        11.084277153015137,
        12.09135913848877,
        13.099934101104736,
        14.110396146774292,
        15.112512111663818,
        16.115926027297974,
        17.118263006210327,
        18.12388300895691,
        19.134369134902954,
        20.144909143447876,
        21.15531611442566,
        22.160797357559204,
        23.171191215515137,
        24.1773681640625,
        25.18511414527893,
        26.190576314926147,
        27.19911026954651,
        28.20571208000183,
        29.213820219039917,
        30.224188327789307
      ]
    },
    "transform_metrics": {
      "cpu_usage": [
        35.4,
        32.7,
        33.1,
        34.9,
        33.7,
        34.7,
        34.1,
        34.8,
        32.7,
        36.3,
        33.8,
        33.8,
        32.9,
        33.5,
        33.8,
        32.8,
        33.0,
        32.7,
        33.5,
        34.0,
        34.8,
        33.7,
        32.6,
        32.9,
        33.2,
        33.9,
        44.6,
        48.1,
        39.5,
        45.0
      ],
      "memory_usage": [
        95.0,
        95.1,
        95.2,
        95.3,
        95.3,
        95.4,
        95.4,
        95.4,
        95.5,
        95.5,
        95.5,
        95.6,
        95.6,
        95.6,
        95.6,
        95.6,
        95.5,
        95.5,
        95.6,
        95.4,
        95.3,
        95.3,
        95.3,
        95.4,
        95.4,
        95.4,
        95.8,
        95.9,
        96.1,
        96.1
      ],
      "disk_io": [
        0,
        0,
        0,
        0,
        0,
        0,
        0,
        0,
        0,
        0,
        0,
        0,
        0,
        0,
        0,
        0,
        0,
        0,
        0,
        0,
        0,
        0,
        0,
        0,
        0,
        0,
        0,
        0,
        0,
        0
      ],
      "timestamps": [
        1.0019161701202393,
        2.0096828937530518,
        3.0145280361175537,
        4.018601894378662,
        5.026443958282471,
        6.036819934844971,
        7.047347784042358,
        8.057747840881348,
        9.06689977645874,
        10.077336072921753,
        11.087764978408813,
        12.093827962875366,
        13.1041579246521,
        14.108282089233398,
        15.114250898361206,
        16.12286686897278,
        17.12697696685791,
        18.137457132339478,
        19.14798879623413,
        20.15058183670044,
        21.159756898880005,
        22.1686110496521,
        23.178988933563232,
        24.189398050308228,
        25.194751977920532,
        26.20204997062683,
        27.202781915664673,
        28.21320605278015,
        29.21846294403076,
        30.22883701324463
      ]
    },
    "inverse_metrics": {
      "cpu_usage": [
        33.1,
        32.3,
        33.5,
        36.0,
        39.0,
        35.3,
        40.0,
        37.7,
        33.2,
        34.9,
        34.0,
        32.5,
        32.6,
        33.4,
        36.5,
        33.8,
        33.9,
        32.7,
        32.3,
        33.5,
        32.2,
        33.1,
        33.0,
        32.7,
        32.4,
        39.8,
        42.8,
        33.7,
        33.0,
        41.6
      ],
      "memory_usage": [
        94.4,
        94.4,
        94.7,
        95.0,
        95.2,
        94.9,
        95.4,
        95.6,
        95.6,
        95.9,
        95.9,
        96.0,
        96.0,
        96.0,
        96.0,
        96.1,
        96.2,
        96.2,
        96.2,
        96.3,
        96.3,
        96.3,
        96.3,
        96.3,
        96.2,
        96.3,
        96.3,
        96.3,
        96.3,
        96.3
      ],
      "disk_io": [
        0,
        0,
        0,
        0,
        0,
        0,
        0,
        0,
        0,
        0,
        0,
        0,
        0,
        0,
        0,
        0,
        0,
        0,
        0,
        0,
        0,
        0,
        0,
        0,
        0,
        0,
        0,
        0,
        0,
        0
      ],
      "timestamps": [
        1.0109210014343262,
        2.020963191986084,
        3.0288660526275635,
        4.034534931182861,
        5.035427093505859,
        6.04331111907959,
        7.044713973999023,
        8.04594612121582,
        9.056620121002197,
        10.062258958816528,
        11.072800159454346,
        12.075186967849731,
        13.085681915283203,
        14.096213102340698,
        15.10670018196106,
        16.115183115005493,
        17.12143611907959,
        18.132025241851807,
        19.13771915435791,
        20.14558696746826,
        21.156059980392456,
        22.166604042053223,
        23.1769700050354,
        24.18752908706665,
        25.19663119316101,
        26.20443606376648,
        27.208267211914062,
        28.209830284118652,
        29.214707136154175,
        30.220564126968384
      ]
    }
  },
  "spark_results": {
    "fit_time": 178.76900100708008,
    "transform_time": 30.40414595603943,
    "inverse_time": 30.391526222229004,
    "fit_metrics": {
      "cpu_usage": [
        34.2,
        32.5,
        32.5,
        32.3,
        36.3,
        34.3,
        34.0,
        32.8,
        32.9,
        32.8,
        32.6,
        36.4,
        38.6,
        32.8,
        33.5,
        34.5,
        33.8,
        33.1,
        32.7,
        33.7,
        35.2,
        35.1,
        32.7,
        36.3,
        35.4,
        36.4,
        44.9,
        33.2,
        33.5,
        35.1
      ],
      "memory_usage": [
        94.1,
        94.1,
        94.2,
        94.2,
        94.3,
        94.4,
        94.4,
        94.4,
        94.4,
        94.4,
        94.5,
        94.6,
        94.5,
        94.6,
        94.7,
        94.7,
        94.7,
        94.7,
        94.7,
        94.7,
        94.7,
        94.7,
        94.7,
        94.5,
        94.5,
        94.5,
        96.0,
        96.0,
        95.9,
        96.0
      ],