{
  "system_specs": {
    "total_memory_gb": 8.0,
    "available_memory_gb": 0.7406005859375,
    "cpu_count": 8,
    "cpu_freq_mhz": 2400
  },
  "pandas_results": {
    "fit_time": 67.1018660068512,
    "transform_time": 51.112810134887695,
    "inverse_time": 105.89532780647278,
    "fit_metrics": {
      "cpu_usage": [
        35.2,
        33.1,
        32.5,
        32.6,
        45.1,
        42.6,
        34.7,
        32.9,
        35.3,
        34.3,
        33.6,
        32.9,
        32.5,
        34.3,
        32.7,
        33.9,
        49.5,
        41.7,
        45.9,
        37.9,
        32.2,
        32.8,
        33.5,
        33.0,
        32.8,
        32.3,
        35.0,
        35.5,
        33.2,
        40.5
      ],
      "memory_usage": [
        96.3,
        96.2,
        96.3,
        96.3,
        96.2,
        96.3,
        96.3,
        96.3,
        96.2,
        96.3,
        96.3,
        96.3,
        96.3,
        96.3,
        96.3,
        95.9,
        96.3,
        96.3,
        96.3,
        96.1,
        96.1,
        96.0,
        96.1,
        96.1,
        96.1,
        96.0,
        96.0,
        96.1,
        96.1,
        96.3
      ],
      "disk_io": [
        0,
        0,
        0,
        0,
        0,
        0,
        0,
        0,
        0,
        0,
        0,
        0,
        0,
        0,
        0,
        0,
        0,
        0,
        0,
        0,
        0,
        0,
        0,
        0,
        0,
        0,
        0,
        0,
        0,
        0
      ],
      "timestamps": [
        1.013702154159546,
        2.0242581367492676,
        3.0317881107330322,
        4.0415260791778564,
        5.050910949707031,
        6.051757097244263,
        7.058051109313965,
        8.060773134231567,
        9.068170070648193,
        10.071810960769653,
        11.074875116348267,
        12.082689046859741,
        13.093188047409058,
        14.099254131317139,
        15.109745264053345,
        16.120299100875854,
        17.12468719482422,
        18.132323026657104,
        19.137933015823364,
        20.14566707611084,
        21.149423122406006,
        22.159913063049316,
        23.165310859680176,
        24.167745113372803,
        25.17497491836548,
        26.184128999710083,
        27.19308114051819,
        28.194325923919678,
        29.200350999832153,
        30.21093988418579
      ]
    },
    "transform_metrics": {
      "cpu_usage": [
        36.8,
        44.1,
        32.6,
        33.1,
        38.0,
        33.2,
        33.8,
        33.1,
        34.0,
        32.7,
        32.2,
        32.5,
        35.8,
        33.2,
        32.5,
        33.5,
        33.7,
        32.7,
        32.6,
        32.5,
        36.1,
        35.5,
        33.4,
        32.5,
        32.4,
        32.4,
        36.5,
        37.9,
        36.7,
        35.2
      ],
      "memory_usage": [
        95.2,
        94.9,
        95.0,
        95.1,
        95.4,
        95.4,
        95.4,
        95.4,
        95.4,
        95.4,
        95.4,
        95.4,
        95.4,
        95.4,
        95.4,
        95.4,
        95.4,
        95.4,
        95.4,
        95.4,
        95.5,
        95.4,
        95.4,
        95.4,
        95.4,
        95.4,
        95.5,
        95.4,
        95.5,
        95.3
      ],
      "disk_io": [
        0,
        0,
        0,
        0,
        0,
        0,
        0,
        0,
        0,
        0,
        0,
        0,
        0,
        0,
        0,
        0,
        0,
        0,
        0,
        0,
        0,
        0,
        0,
        0,
        0,
        0,
        0,
        0,
        0,
        0
      ],
      "timestamps": [
        1.0112390518188477,
        2.0159480571746826,
        3.0231540203094482,
        4.030817747116089,
        5.040113925933838,
        6.050645112991333,
        7.0610058307647705,
        8.062115907669067,
        9.072609901428223,
        10.080960035324097,
        11.089670896530151,
        12.091346979141235,
        13.094624996185303,
        14.09748888015747,
        15.108012914657593,
        16.109092950820923,
        17.114905834197998,
        18.123167037963867,
        19.12936305999756,
        20.139892101287842,
        21.14571976661682,
        22.151994943618774,
        23.162349939346313,
        24.172860860824585,
        25.18112015724182,
        26.182964086532593,
        27.193411827087402,
        28.19804096221924,
        29.208683967590332,
        30.218388080596924
      ]
    },
    "inverse_metrics": {
      "cpu_usage": [
        35.1,
        34.8,
        32.3,
        32.9,
        32.7,
        33.3,
        34.3,
        33.8,
        40.0,
        44.1,
        40.0,
        41.3,
        34.0,
        32.6,
        32.8,
        33.6,
        33.7,
        33.0,
        32.8,
        32.5,
        37.5,
        34.3,
        35.3,
        33.1,
        34.0,
        32.7,
        32.5,
        33.1,
        31.6,
        33.6
      ],
      "memory_usage": [
        94.4,
        94.7,
        94.7,
        94.7,
        94.7,
        94.7,
        94.8,
        94.4,
        94.8,
        94.9,
        94.8,
        94.7,
        94.8,
        94.8,
        94.8,
        94.8,
        94.8,
        94.9,
        94.9,
        94.9,
        95.1,
        95.1,
        95.0,
        95.0,
        95.0,
        95.0,
        95.0,
        95.0,
        95.0,
        95.0
      ],
      "disk_io": [
        0,
        0,
        0,
        0,
        0,
        0,
        0,
        0,
        0,
        0,
        0,
        0,
        0,
        0,
        0,
        0,
        0,
        0,
        0,
        0,
        0,
        0,
        0,
        0,
        0,
        0,
        0,
        0,
        0,
        0
      ],
      "timestamps": [
        1.0110788345336914,
        2.018419027328491,
        3.0289459228515625,
        4.030212879180908,
        5.035256862640381,
        6.045638799667358,
        7.051767826080322,
        8.062262058258057,
        9.063813924789429,
        10.070701837539673,
        11.081484079360962,
        12.085164070129395,
        13.095703125,
        14.106019735336304,
        15.113547086715698,
        16.113992929458618,
        17.12445378303528,
        18.133229732513428,
        19.13981294631958,
        20.147552013397217,
        21.15447187423706,
        22.160885095596313,
        23.169655084609985,
        24.179986000061035,
        25.185281991958618,
        26.194261074066162,
        27.20478582382202,
        28.2071270942688,
        29.21361780166626,
        30.224130153656006
      ]
    }
  },
  "spark_results": {
    "fit_time": 178.41151595115662,
    "transform_time": 30.40240788459778,
    "inverse_time": 30.41266417503357,
    "fit_metrics": {
      "cpu_usage": [
        40.2,
        32.2,
        34.3,
        33.0,
        31.1,
        33.3,
        33.3,
        33.0,
        38.1,
        36.7,
        32.4,
        32.8,
        32.3,
        32.9,
        33.0,
        34.3,
        39.9,
        48.9,
        37.9,
        44.2,
        33.0,
        33.2,
        32.7,
        33.6,
        33.0,
        33.0,
        32.5,
        32.9,
        32.8,
        33.7
      ],
      "memory_usage": [
        94.5,
        94.5,
        94.5,
        94.6,
        94.8,
        94.7,
        94.7,
        94.7,
        94.9,
        94.9,
        94.9,
        94.9,
        94.9,
        94.9,
        95.0,
        94.7,
        95.1,
        95.1,
        95.1,
        95.0,
        95.0,
        95.0,
        95.0,
        95.0,
        95.0,
        95.0,
        95.0,
        95.0,
        95.1,
        95.1
      ],